0,"2018-05-08 10:51:21",mdl_assign,6
0,"2018-05-08 10:51:21",mdl_assign_grades,4
0,"2018-05-08 10:51:21",mdl_assign_submission,11
0,"2018-05-08 10:51:21",mdl_assignfeedback_comments,3
0,"2018-05-08 10:51:21",mdl_assignsubmission_onlinetext,3
0,"2018-05-08 10:51:21",mdl_course,3
0,"2018-05-08 10:51:21",mdl_course_modules,9
0,"2018-05-08 10:51:21",mdl_grade_grades,9
0,"2018-05-08 10:51:21",mdl_grade_items,9
1,"2018-05-08 10:51:39",mdl_assign,6
1,"2018-05-08 10:51:39",mdl_assign_grades,5
1,"2018-05-08 10:51:39",mdl_assign_submission,11
1,"2018-05-08 10:51:39",mdl_assignfeedback_comments,4
1,"2018-05-08 10:51:39",mdl_assignsubmission_onlinetext,3
1,"2018-05-08 10:51:39",mdl_course,3
1,"2018-05-08 10:51:39",mdl_course_modules,9
1,"2018-05-08 10:51:39",mdl_grade_grades,9
1,"2018-05-08 10:51:39",mdl_grade_items,9
2,"2018-05-08 10:51:40",mdl_assign,6
2,"2018-05-08 10:51:40",mdl_assign_grades,5
2,"2018-05-08 10:51:40",mdl_assign_submission,11
2,"2018-05-08 10:51:40",mdl_assignfeedback_comments,4
2,"2018-05-08 10:51:40",mdl_assignsubmission_onlinetext,3
2,"2018-05-08 10:51:40",mdl_course,3
2,"2018-05-08 10:51:40",mdl_course_modules,9
2,"2018-05-08 10:51:40",mdl_grade_grades,9
2,"2018-05-08 10:51:40",mdl_grade_items,9
3,"2018-05-08 10:51:42",mdl_assign,6
3,"2018-05-08 10:51:42",mdl_assign_grades,5
3,"2018-05-08 10:51:42",mdl_assign_submission,11
3,"2018-05-08 10:51:42",mdl_assignfeedback_comments,4
3,"2018-05-08 10:51:42",mdl_assignsubmission_onlinetext,3
3,"2018-05-08 10:51:42",mdl_course,3
3,"2018-05-08 10:51:42",mdl_course_modules,9
3,"2018-05-08 10:51:42",mdl_grade_grades,9
3,"2018-05-08 10:51:42",mdl_grade_items,9
4,"2018-05-08 10:51:43",mdl_assign,6
4,"2018-05-08 10:51:43",mdl_assign_grades,5
4,"2018-05-08 10:51:43",mdl_assign_submission,11
4,"2018-05-08 10:51:43",mdl_assignfeedback_comments,4
4,"2018-05-08 10:51:43",mdl_assignsubmission_onlinetext,3
4,"2018-05-08 10:51:43",mdl_course,3
4,"2018-05-08 10:51:43",mdl_course_modules,9
4,"2018-05-08 10:51:43",mdl_grade_grades,9
4,"2018-05-08 10:51:43",mdl_grade_items,9
5,"2018-05-08 10:51:44",mdl_assign,6
5,"2018-05-08 10:51:44",mdl_assign_grades,5
5,"2018-05-08 10:51:44",mdl_assign_submission,11
5,"2018-05-08 10:51:44",mdl_assignfeedback_comments,4
5,"2018-05-08 10:51:44",mdl_assignsubmission_onlinetext,3
5,"2018-05-08 10:51:44",mdl_course,3
5,"2018-05-08 10:51:44",mdl_course_modules,9
5,"2018-05-08 10:51:44",mdl_grade_grades,9
5,"2018-05-08 10:51:44",mdl_grade_items,9
6,"2018-05-08 10:51:45",mdl_assign,6
6,"2018-05-08 10:51:45",mdl_assign_grades,5
6,"2018-05-08 10:51:45",mdl_assign_submission,11
6,"2018-05-08 10:51:45",mdl_assignfeedback_comments,4
6,"2018-05-08 10:51:45",mdl_assignsubmission_onlinetext,3
6,"2018-05-08 10:51:45",mdl_course,3
6,"2018-05-08 10:51:45",mdl_course_modules,9
6,"2018-05-08 10:51:45",mdl_grade_grades,9
6,"2018-05-08 10:51:45",mdl_grade_items,9
7,"2018-05-08 10:51:46",mdl_assign,6
7,"2018-05-08 10:51:46",mdl_assign_grades,5
7,"2018-05-08 10:51:46",mdl_assign_submission,11
7,"2018-05-08 10:51:46",mdl_assignfeedback_comments,4
7,"2018-05-08 10:51:46",mdl_assignsubmission_onlinetext,3
7,"2018-05-08 10:51:46",mdl_course,3
7,"2018-05-08 10:51:46",mdl_course_modules,9
7,"2018-05-08 10:51:46",mdl_grade_grades,9
7,"2018-05-08 10:51:46",mdl_grade_items,9
8,"2018-05-08 10:51:48",mdl_assign,6
8,"2018-05-08 10:51:48",mdl_assign_grades,5
8,"2018-05-08 10:51:48",mdl_assign_submission,11
8,"2018-05-08 10:51:48",mdl_assignfeedback_comments,4
8,"2018-05-08 10:51:48",mdl_assignsubmission_onlinetext,3
8,"2018-05-08 10:51:48",mdl_course,3
8,"2018-05-08 10:51:48",mdl_course_modules,9
8,"2018-05-08 10:51:48",mdl_grade_grades,9
8,"2018-05-08 10:51:48",mdl_grade_items,9
9,"2018-05-08 10:51:49",mdl_assign,6
9,"2018-05-08 10:51:49",mdl_assign_grades,5
9,"2018-05-08 10:51:49",mdl_assign_submission,11
9,"2018-05-08 10:51:49",mdl_assignfeedback_comments,4
9,"2018-05-08 10:51:49",mdl_assignsubmission_onlinetext,3
9,"2018-05-08 10:51:49",mdl_course,3
9,"2018-05-08 10:51:49",mdl_course_modules,9
9,"2018-05-08 10:51:49",mdl_grade_grades,9
9,"2018-05-08 10:51:49",mdl_grade_items,9
10,"2018-05-08 10:51:50",mdl_assign,6
10,"2018-05-08 10:51:50",mdl_assign_grades,5
10,"2018-05-08 10:51:50",mdl_assign_submission,11
10,"2018-05-08 10:51:50",mdl_assignfeedback_comments,4
10,"2018-05-08 10:51:50",mdl_assignsubmission_onlinetext,3
10,"2018-05-08 10:51:50",mdl_course,3
10,"2018-05-08 10:51:50",mdl_course_modules,9
10,"2018-05-08 10:51:50",mdl_grade_grades,9
10,"2018-05-08 10:51:50",mdl_grade_items,9
11,"2018-05-08 10:51:51",mdl_assign,6
11,"2018-05-08 10:51:51",mdl_assign_grades,5
11,"2018-05-08 10:51:51",mdl_assign_submission,11
11,"2018-05-08 10:51:51",mdl_assignfeedback_comments,4
11,"2018-05-08 10:51:51",mdl_assignsubmission_onlinetext,3
11,"2018-05-08 10:51:51",mdl_course,3
11,"2018-05-08 10:51:51",mdl_course_modules,9
11,"2018-05-08 10:51:51",mdl_grade_grades,9
11,"2018-05-08 10:51:51",mdl_grade_items,9
12,"2018-05-08 10:51:52",mdl_assign,6
12,"2018-05-08 10:51:52",mdl_assign_grades,5
12,"2018-05-08 10:51:52",mdl_assign_submission,11
12,"2018-05-08 10:51:52",mdl_assignfeedback_comments,4
12,"2018-05-08 10:51:52",mdl_assignsubmission_onlinetext,3
12,"2018-05-08 10:51:52",mdl_course,3
12,"2018-05-08 10:51:52",mdl_course_modules,9
12,"2018-05-08 10:51:52",mdl_grade_grades,9
12,"2018-05-08 10:51:52",mdl_grade_items,9
13,"2018-05-08 10:51:53",mdl_assign,6
13,"2018-05-08 10:51:53",mdl_assign_grades,5
13,"2018-05-08 10:51:53",mdl_assign_submission,11
13,"2018-05-08 10:51:53",mdl_assignfeedback_comments,4
13,"2018-05-08 10:51:53",mdl_assignsubmission_onlinetext,3
13,"2018-05-08 10:51:53",mdl_course,3
13,"2018-05-08 10:51:53",mdl_course_modules,9
13,"2018-05-08 10:51:53",mdl_grade_grades,9
13,"2018-05-08 10:51:53",mdl_grade_items,9
14,"2018-05-08 10:51:55",mdl_assign,6
14,"2018-05-08 10:51:55",mdl_assign_grades,5
14,"2018-05-08 10:51:55",mdl_assign_submission,11
14,"2018-05-08 10:51:55",mdl_assignfeedback_comments,4
14,"2018-05-08 10:51:55",mdl_assignsubmission_onlinetext,3
14,"2018-05-08 10:51:55",mdl_course,3
14,"2018-05-08 10:51:55",mdl_course_modules,9
14,"2018-05-08 10:51:55",mdl_grade_grades,9
14,"2018-05-08 10:51:55",mdl_grade_items,9
15,"2018-05-08 10:51:56",mdl_assign,6
15,"2018-05-08 10:51:56",mdl_assign_grades,5
15,"2018-05-08 10:51:56",mdl_assign_submission,11
15,"2018-05-08 10:51:56",mdl_assignfeedback_comments,4
15,"2018-05-08 10:51:56",mdl_assignsubmission_onlinetext,3
15,"2018-05-08 10:51:56",mdl_course,3
15,"2018-05-08 10:51:56",mdl_course_modules,9
15,"2018-05-08 10:51:56",mdl_grade_grades,9
15,"2018-05-08 10:51:56",mdl_grade_items,9
16,"2018-05-08 10:51:58",mdl_assign,6
16,"2018-05-08 10:51:58",mdl_assign_grades,5
16,"2018-05-08 10:51:58",mdl_assign_submission,11
16,"2018-05-08 10:51:58",mdl_assignfeedback_comments,4
16,"2018-05-08 10:51:58",mdl_assignsubmission_onlinetext,3
16,"2018-05-08 10:51:58",mdl_course,3
16,"2018-05-08 10:51:58",mdl_course_modules,9
16,"2018-05-08 10:51:58",mdl_grade_grades,9
16,"2018-05-08 10:51:58",mdl_grade_items,9
17,"2018-05-08 10:51:59",mdl_assign,6
17,"2018-05-08 10:51:59",mdl_assign_grades,5
17,"2018-05-08 10:51:59",mdl_assign_submission,11
17,"2018-05-08 10:51:59",mdl_assignfeedback_comments,4
17,"2018-05-08 10:51:59",mdl_assignsubmission_onlinetext,3
17,"2018-05-08 10:51:59",mdl_course,3
17,"2018-05-08 10:51:59",mdl_course_modules,9
17,"2018-05-08 10:51:59",mdl_grade_grades,9
17,"2018-05-08 10:51:59",mdl_grade_items,9
18,"2018-05-08 10:52:00",mdl_assign,6
18,"2018-05-08 10:52:00",mdl_assign_grades,5
18,"2018-05-08 10:52:00",mdl_assign_submission,11
18,"2018-05-08 10:52:00",mdl_assignfeedback_comments,4
18,"2018-05-08 10:52:00",mdl_assignsubmission_onlinetext,3
18,"2018-05-08 10:52:00",mdl_course,3
18,"2018-05-08 10:52:00",mdl_course_modules,9
18,"2018-05-08 10:52:00",mdl_grade_grades,9
18,"2018-05-08 10:52:00",mdl_grade_items,9
19,"2018-05-08 10:52:01",mdl_assign,6
19,"2018-05-08 10:52:01",mdl_assign_grades,5
19,"2018-05-08 10:52:01",mdl_assign_submission,11
19,"2018-05-08 10:52:01",mdl_assignfeedback_comments,4
19,"2018-05-08 10:52:01",mdl_assignsubmission_onlinetext,3
19,"2018-05-08 10:52:01",mdl_course,3
19,"2018-05-08 10:52:01",mdl_course_modules,9
19,"2018-05-08 10:52:01",mdl_grade_grades,9
19,"2018-05-08 10:52:01",mdl_grade_items,9
20,"2018-05-08 10:52:03",mdl_assign,6
20,"2018-05-08 10:52:03",mdl_assign_grades,5
20,"2018-05-08 10:52:03",mdl_assign_submission,11
20,"2018-05-08 10:52:03",mdl_assignfeedback_comments,4
20,"2018-05-08 10:52:03",mdl_assignsubmission_onlinetext,3
20,"2018-05-08 10:52:03",mdl_course,3
20,"2018-05-08 10:52:03",mdl_course_modules,9
20,"2018-05-08 10:52:03",mdl_grade_grades,9
20,"2018-05-08 10:52:03",mdl_grade_items,9
21,"2018-05-08 10:52:04",mdl_assign,6
21,"2018-05-08 10:52:04",mdl_assign_grades,5
21,"2018-05-08 10:52:04",mdl_assign_submission,11
21,"2018-05-08 10:52:04",mdl_assignfeedback_comments,4
21,"2018-05-08 10:52:04",mdl_assignsubmission_onlinetext,3
21,"2018-05-08 10:52:04",mdl_course,3
21,"2018-05-08 10:52:04",mdl_course_modules,9
21,"2018-05-08 10:52:04",mdl_grade_grades,9
21,"2018-05-08 10:52:04",mdl_grade_items,9
22,"2018-05-08 10:52:05",mdl_assign,6
22,"2018-05-08 10:52:05",mdl_assign_grades,5
22,"2018-05-08 10:52:05",mdl_assign_submission,11
22,"2018-05-08 10:52:05",mdl_assignfeedback_comments,4
22,"2018-05-08 10:52:05",mdl_assignsubmission_onlinetext,3
22,"2018-05-08 10:52:05",mdl_course,3
22,"2018-05-08 10:52:05",mdl_course_modules,9
22,"2018-05-08 10:52:05",mdl_grade_grades,9
22,"2018-05-08 10:52:05",mdl_grade_items,9
23,"2018-05-08 10:52:06",mdl_assign,6
23,"2018-05-08 10:52:06",mdl_assign_grades,5
23,"2018-05-08 10:52:06",mdl_assign_submission,11
23,"2018-05-08 10:52:06",mdl_assignfeedback_comments,4
23,"2018-05-08 10:52:06",mdl_assignsubmission_onlinetext,3
23,"2018-05-08 10:52:06",mdl_course,3
23,"2018-05-08 10:52:06",mdl_course_modules,9
23,"2018-05-08 10:52:06",mdl_grade_grades,9
23,"2018-05-08 10:52:06",mdl_grade_items,9
24,"2018-05-08 10:52:07",mdl_assign,6
24,"2018-05-08 10:52:07",mdl_assign_grades,5
24,"2018-05-08 10:52:07",mdl_assign_submission,11
24,"2018-05-08 10:52:07",mdl_assignfeedback_comments,4
24,"2018-05-08 10:52:07",mdl_assignsubmission_onlinetext,3
24,"2018-05-08 10:52:07",mdl_course,3
24,"2018-05-08 10:52:07",mdl_course_modules,9
24,"2018-05-08 10:52:07",mdl_grade_grades,9
24,"2018-05-08 10:52:07",mdl_grade_items,9
25,"2018-05-08 10:52:08",mdl_assign,6
25,"2018-05-08 10:52:08",mdl_assign_grades,5
25,"2018-05-08 10:52:08",mdl_assign_submission,11
25,"2018-05-08 10:52:08",mdl_assignfeedback_comments,4
25,"2018-05-08 10:52:08",mdl_assignsubmission_onlinetext,3
25,"2018-05-08 10:52:08",mdl_course,3
25,"2018-05-08 10:52:08",mdl_course_modules,9
25,"2018-05-08 10:52:08",mdl_grade_grades,9
25,"2018-05-08 10:52:08",mdl_grade_items,9
26,"2018-05-08 10:52:10",mdl_assign,6
26,"2018-05-08 10:52:10",mdl_assign_grades,5
26,"2018-05-08 10:52:10",mdl_assign_submission,11
26,"2018-05-08 10:52:10",mdl_assignfeedback_comments,4
26,"2018-05-08 10:52:10",mdl_assignsubmission_onlinetext,3
26,"2018-05-08 10:52:10",mdl_course,3
26,"2018-05-08 10:52:10",mdl_course_modules,9
26,"2018-05-08 10:52:10",mdl_grade_grades,9
26,"2018-05-08 10:52:10",mdl_grade_items,9
27,"2018-05-08 10:52:11",mdl_assign,6
27,"2018-05-08 10:52:11",mdl_assign_grades,5
27,"2018-05-08 10:52:11",mdl_assign_submission,11
27,"2018-05-08 10:52:11",mdl_assignfeedback_comments,4
27,"2018-05-08 10:52:11",mdl_assignsubmission_onlinetext,3
27,"2018-05-08 10:52:11",mdl_course,3
27,"2018-05-08 10:52:11",mdl_course_modules,9
27,"2018-05-08 10:52:11",mdl_grade_grades,9
27,"2018-05-08 10:52:11",mdl_grade_items,9
28,"2018-05-08 10:52:12",mdl_assign,6
28,"2018-05-08 10:52:12",mdl_assign_grades,5
28,"2018-05-08 10:52:12",mdl_assign_submission,11
28,"2018-05-08 10:52:12",mdl_assignfeedback_comments,4
28,"2018-05-08 10:52:12",mdl_assignsubmission_onlinetext,3
28,"2018-05-08 10:52:12",mdl_course,3
28,"2018-05-08 10:52:12",mdl_course_modules,9
28,"2018-05-08 10:52:12",mdl_grade_grades,9
28,"2018-05-08 10:52:12",mdl_grade_items,9
29,"2018-05-08 10:52:13",mdl_assign,6
29,"2018-05-08 10:52:13",mdl_assign_grades,5
29,"2018-05-08 10:52:13",mdl_assign_submission,11
29,"2018-05-08 10:52:13",mdl_assignfeedback_comments,4
29,"2018-05-08 10:52:13",mdl_assignsubmission_onlinetext,3
29,"2018-05-08 10:52:13",mdl_course,3
29,"2018-05-08 10:52:13",mdl_course_modules,9
29,"2018-05-08 10:52:13",mdl_grade_grades,9
29,"2018-05-08 10:52:13",mdl_grade_items,9
30,"2018-05-08 10:52:14",mdl_assign,6
30,"2018-05-08 10:52:14",mdl_assign_grades,5
30,"2018-05-08 10:52:14",mdl_assign_submission,11
30,"2018-05-08 10:52:14",mdl_assignfeedback_comments,4
30,"2018-05-08 10:52:14",mdl_assignsubmission_onlinetext,3
30,"2018-05-08 10:52:14",mdl_course,3
30,"2018-05-08 10:52:14",mdl_course_modules,9
30,"2018-05-08 10:52:14",mdl_grade_grades,9
30,"2018-05-08 10:52:14",mdl_grade_items,9
31,"2018-05-08 10:52:15",mdl_assign,6
31,"2018-05-08 10:52:15",mdl_assign_grades,5
31,"2018-05-08 10:52:15",mdl_assign_submission,11
31,"2018-05-08 10:52:15",mdl_assignfeedback_comments,4
31,"2018-05-08 10:52:15",mdl_assignsubmission_onlinetext,3
31,"2018-05-08 10:52:15",mdl_course,3
31,"2018-05-08 10:52:15",mdl_course_modules,9
31,"2018-05-08 10:52:15",mdl_grade_grades,9
31,"2018-05-08 10:52:15",mdl_grade_items,9
32,"2018-05-08 10:52:17",mdl_assign,6
32,"2018-05-08 10:52:17",mdl_assign_grades,5
32,"2018-05-08 10:52:17",mdl_assign_submission,11
32,"2018-05-08 10:52:17",mdl_assignfeedback_comments,4
32,"2018-05-08 10:52:17",mdl_assignsubmission_onlinetext,3
32,"2018-05-08 10:52:17",mdl_course,3
32,"2018-05-08 10:52:17",mdl_course_modules,9
32,"2018-05-08 10:52:17",mdl_grade_grades,9
32,"2018-05-08 10:52:17",mdl_grade_items,9
33,"2018-05-08 10:52:18",mdl_assign,6
33,"2018-05-08 10:52:18",mdl_assign_grades,5
33,"2018-05-08 10:52:18",mdl_assign_submission,11
33,"2018-05-08 10:52:18",mdl_assignfeedback_comments,4
33,"2018-05-08 10:52:18",mdl_assignsubmission_onlinetext,3
33,"2018-05-08 10:52:18",mdl_course,3
33,"2018-05-08 10:52:18",mdl_course_modules,9
33,"2018-05-08 10:52:18",mdl_grade_grades,9
33,"2018-05-08 10:52:18",mdl_grade_items,9
34,"2018-05-08 10:52:19",mdl_assign,6
34,"2018-05-08 10:52:19",mdl_assign_grades,5
34,"2018-05-08 10:52:19",mdl_assign_submission,11
34,"2018-05-08 10:52:19",mdl_assignfeedback_comments,4
34,"2018-05-08 10:52:19",mdl_assignsubmission_onlinetext,3
34,"2018-05-08 10:52:19",mdl_course,3
34,"2018-05-08 10:52:19",mdl_course_modules,9
34,"2018-05-08 10:52:19",mdl_grade_grades,9
34,"2018-05-08 10:52:19",mdl_grade_items,9
35,"2018-05-08 10:52:20",mdl_assign,6
35,"2018-05-08 10:52:20",mdl_assign_grades,5
35,"2018-05-08 10:52:20",mdl_assign_submission,11
35,"2018-05-08 10:52:20",mdl_assignfeedback_comments,4
35,"2018-05-08 10:52:20",mdl_assignsubmission_onlinetext,3
35,"2018-05-08 10:52:20",mdl_course,3
35,"2018-05-08 10:52:20",mdl_course_modules,9
35,"2018-05-08 10:52:20",mdl_grade_grades,9
35,"2018-05-08 10:52:20",mdl_grade_items,9
36,"2018-05-08 10:52:21",mdl_assign,6
36,"2018-05-08 10:52:21",mdl_assign_grades,5
36,"2018-05-08 10:52:21",mdl_assign_submission,11
36,"2018-05-08 10:52:21",mdl_assignfeedback_comments,4
36,"2018-05-08 10:52:21",mdl_assignsubmission_onlinetext,3
36,"2018-05-08 10:52:21",mdl_course,3
36,"2018-05-08 10:52:21",mdl_course_modules,9
36,"2018-05-08 10:52:21",mdl_grade_grades,9
36,"2018-05-08 10:52:21",mdl_grade_items,9
37,"2018-05-08 10:52:22",mdl_assign,6
37,"2018-05-08 10:52:22",mdl_assign_grades,5
37,"2018-05-08 10:52:22",mdl_assign_submission,11
37,"2018-05-08 10:52:22",mdl_assignfeedback_comments,4
37,"2018-05-08 10:52:22",mdl_assignsubmission_onlinetext,3
37,"2018-05-08 10:52:22",mdl_course,3
37,"2018-05-08 10:52:22",mdl_course_modules,9
37,"2018-05-08 10:52:22",mdl_grade_grades,9
37,"2018-05-08 10:52:22",mdl_grade_items,9
38,"2018-05-08 10:52:24",mdl_assign,6
38,"2018-05-08 10:52:24",mdl_assign_grades,5
38,"2018-05-08 10:52:24",mdl_assign_submission,11
38,"2018-05-08 10:52:24",mdl_assignfeedback_comments,4
38,"2018-05-08 10:52:24",mdl_assignsubmission_onlinetext,3
38,"2018-05-08 10:52:24",mdl_course,3
38,"2018-05-08 10:52:24",mdl_course_modules,9
38,"2018-05-08 10:52:24",mdl_grade_grades,9
38,"2018-05-08 10:52:24",mdl_grade_items,9
39,"2018-05-08 10:52:25",mdl_assign,6
39,"2018-05-08 10:52:25",mdl_assign_grades,5
39,"2018-05-08 10:52:25",mdl_assign_submission,11
39,"2018-05-08 10:52:25",mdl_assignfeedback_comments,4
39,"2018-05-08 10:52:25",mdl_assignsubmission_onlinetext,3
39,"2018-05-08 10:52:25",mdl_course,3
39,"2018-05-08 10:52:25",mdl_course_modules,9
39,"2018-05-08 10:52:25",mdl_grade_grades,9
39,"2018-05-08 10:52:25",mdl_grade_items,9
40,"2018-05-08 10:52:26",mdl_assign,6
40,"2018-05-08 10:52:26",mdl_assign_grades,5
40,"2018-05-08 10:52:26",mdl_assign_submission,11
40,"2018-05-08 10:52:26",mdl_assignfeedback_comments,4
40,"2018-05-08 10:52:26",mdl_assignsubmission_onlinetext,3
40,"2018-05-08 10:52:26",mdl_course,3
40,"2018-05-08 10:52:26",mdl_course_modules,9
40,"2018-05-08 10:52:26",mdl_grade_grades,9
40,"2018-05-08 10:52:26",mdl_grade_items,9
41,"2018-05-08 10:52:27",mdl_assign,6
41,"2018-05-08 10:52:27",mdl_assign_grades,5
41,"2018-05-08 10:52:27",mdl_assign_submission,11
41,"2018-05-08 10:52:27",mdl_assignfeedback_comments,4
41,"2018-05-08 10:52:27",mdl_assignsubmission_onlinetext,3
41,"2018-05-08 10:52:27",mdl_course,3
41,"2018-05-08 10:52:27",mdl_course_modules,9
41,"2018-05-08 10:52:27",mdl_grade_grades,9
41,"2018-05-08 10:52:27",mdl_grade_items,9
42,"2018-05-08 10:52:28",mdl_assign,6
42,"2018-05-08 10:52:28",mdl_assign_grades,5
42,"2018-05-08 10:52:28",mdl_assign_submission,11
42,"2018-05-08 10:52:28",mdl_assignfeedback_comments,4
42,"2018-05-08 10:52:28",mdl_assignsubmission_onlinetext,3
42,"2018-05-08 10:52:28",mdl_course,3
42,"2018-05-08 10:52:28",mdl_course_modules,9
42,"2018-05-08 10:52:28",mdl_grade_grades,9
42,"2018-05-08 10:52:28",mdl_grade_items,9
43,"2018-05-08 10:52:31",mdl_assign,6
43,"2018-05-08 10:52:31",mdl_assign_grades,5
43,"2018-05-08 10:52:31",mdl_assign_submission,11
43,"2018-05-08 10:52:31",mdl_assignfeedback_comments,4
43,"2018-05-08 10:52:31",mdl_assignsubmission_onlinetext,3
43,"2018-05-08 10:52:31",mdl_course,3
43,"2018-05-08 10:52:31",mdl_course_modules,9
43,"2018-05-08 10:52:31",mdl_grade_grades,9
43,"2018-05-08 10:52:31",mdl_grade_items,9
44,"2018-05-08 10:52:32",mdl_assign,6
44,"2018-05-08 10:52:32",mdl_assign_grades,5
44,"2018-05-08 10:52:32",mdl_assign_submission,11
44,"2018-05-08 10:52:32",mdl_assignfeedback_comments,4
44,"2018-05-08 10:52:32",mdl_assignsubmission_onlinetext,3
44,"2018-05-08 10:52:32",mdl_course,3
44,"2018-05-08 10:52:32",mdl_course_modules,9
44,"2018-05-08 10:52:32",mdl_grade_grades,9
44,"2018-05-08 10:52:32",mdl_grade_items,9
45,"2018-05-08 10:52:33",mdl_assign,6
45,"2018-05-08 10:52:33",mdl_assign_grades,5
45,"2018-05-08 10:52:33",mdl_assign_submission,11
45,"2018-05-08 10:52:33",mdl_assignfeedback_comments,4
45,"2018-05-08 10:52:33",mdl_assignsubmission_onlinetext,3
45,"2018-05-08 10:52:33",mdl_course,3
45,"2018-05-08 10:52:33",mdl_course_modules,9
45,"2018-05-08 10:52:33",mdl_grade_grades,9
45,"2018-05-08 10:52:33",mdl_grade_items,9
46,"2018-05-08 10:52:34",mdl_assign,6
46,"2018-05-08 10:52:34",mdl_assign_grades,5
46,"2018-05-08 10:52:34",mdl_assign_submission,11
46,"2018-05-08 10:52:34",mdl_assignfeedback_comments,4
46,"2018-05-08 10:52:34",mdl_assignsubmission_onlinetext,3
46,"2018-05-08 10:52:34",mdl_course,3
46,"2018-05-08 10:52:34",mdl_course_modules,9
46,"2018-05-08 10:52:34",mdl_grade_grades,9
46,"2018-05-08 10:52:34",mdl_grade_items,9
47,"2018-05-08 10:52:35",mdl_assign,6
47,"2018-05-08 10:52:35",mdl_assign_grades,5
47,"2018-05-08 10:52:35",mdl_assign_submission,11
47,"2018-05-08 10:52:35",mdl_assignfeedback_comments,4
47,"2018-05-08 10:52:35",mdl_assignsubmission_onlinetext,3
47,"2018-05-08 10:52:35",mdl_course,3
47,"2018-05-08 10:52:35",mdl_course_modules,9
47,"2018-05-08 10:52:35",mdl_grade_grades,9
47,"2018-05-08 10:52:35",mdl_grade_items,9
48,"2018-05-08 10:52:36",mdl_assign,6
48,"2018-05-08 10:52:36",mdl_assign_grades,5
48,"2018-05-08 10:52:36",mdl_assign_submission,11
48,"2018-05-08 10:52:36",mdl_assignfeedback_comments,4
48,"2018-05-08 10:52:36",mdl_assignsubmission_onlinetext,3
48,"2018-05-08 10:52:36",mdl_course,3
48,"2018-05-08 10:52:36",mdl_course_modules,9
48,"2018-05-08 10:52:36",mdl_grade_grades,9
48,"2018-05-08 10:52:36",mdl_grade_items,9
49,"2018-05-08 10:52:37",mdl_assign,6
49,"2018-05-08 10:52:37",mdl_assign_grades,5
49,"2018-05-08 10:52:37",mdl_assign_submission,11
49,"2018-05-08 10:52:37",mdl_assignfeedback_comments,4
49,"2018-05-08 10:52:37",mdl_assignsubmission_onlinetext,3
49,"2018-05-08 10:52:37",mdl_course,3
49,"2018-05-08 10:52:37",mdl_course_modules,9
49,"2018-05-08 10:52:37",mdl_grade_grades,9
49,"2018-05-08 10:52:37",mdl_grade_items,9
50,"2018-05-08 10:52:39",mdl_assign,6
50,"2018-05-08 10:52:39",mdl_assign_grades,5
50,"2018-05-08 10:52:39",mdl_assign_submission,11
50,"2018-05-08 10:52:39",mdl_assignfeedback_comments,4
50,"2018-05-08 10:52:39",mdl_assignsubmission_onlinetext,3
50,"2018-05-08 10:52:39",mdl_course,3
50,"2018-05-08 10:52:39",mdl_course_modules,9
50,"2018-05-08 10:52:39",mdl_grade_grades,9
50,"2018-05-08 10:52:39",mdl_grade_items,9
51,"2018-05-08 10:52:40",mdl_assign,6
51,"2018-05-08 10:52:40",mdl_assign_grades,5
51,"2018-05-08 10:52:40",mdl_assign_submission,11
51,"2018-05-08 10:52:40",mdl_assignfeedback_comments,4
51,"2018-05-08 10:52:40",mdl_assignsubmission_onlinetext,3
51,"2018-05-08 10:52:40",mdl_course,3
51,"2018-05-08 10:52:40",mdl_course_modules,9
51,"2018-05-08 10:52:40",mdl_grade_grades,9
51,"2018-05-08 10:52:40",mdl_grade_items,9
52,"2018-05-08 10:52:41",mdl_assign,6
52,"2018-05-08 10:52:41",mdl_assign_grades,5
52,"2018-05-08 10:52:41",mdl_assign_submission,11
52,"2018-05-08 10:52:41",mdl_assignfeedback_comments,4
52,"2018-05-08 10:52:41",mdl_assignsubmission_onlinetext,3
52,"2018-05-08 10:52:41",mdl_course,3
52,"2018-05-08 10:52:41",mdl_course_modules,9
52,"2018-05-08 10:52:41",mdl_grade_grades,9
52,"2018-05-08 10:52:41",mdl_grade_items,9
53,"2018-05-08 10:52:42",mdl_assign,6
53,"2018-05-08 10:52:42",mdl_assign_grades,5
53,"2018-05-08 10:52:42",mdl_assign_submission,11
53,"2018-05-08 10:52:42",mdl_assignfeedback_comments,4
53,"2018-05-08 10:52:42",mdl_assignsubmission_onlinetext,3
53,"2018-05-08 10:52:42",mdl_course,3
53,"2018-05-08 10:52:42",mdl_course_modules,9
53,"2018-05-08 10:52:42",mdl_grade_grades,9
53,"2018-05-08 10:52:42",mdl_grade_items,9
54,"2018-05-08 10:52:43",mdl_assign,6
54,"2018-05-08 10:52:43",mdl_assign_grades,5
54,"2018-05-08 10:52:43",mdl_assign_submission,11
54,"2018-05-08 10:52:43",mdl_assignfeedback_comments,4
54,"2018-05-08 10:52:43",mdl_assignsubmission_onlinetext,3
54,"2018-05-08 10:52:43",mdl_course,3
54,"2018-05-08 10:52:43",mdl_course_modules,9
54,"2018-05-08 10:52:43",mdl_grade_grades,9
54,"2018-05-08 10:52:43",mdl_grade_items,9
55,"2018-05-08 10:52:44",mdl_assign,6
55,"2018-05-08 10:52:44",mdl_assign_grades,5
55,"2018-05-08 10:52:44",mdl_assign_submission,11
55,"2018-05-08 10:52:44",mdl_assignfeedback_comments,4
55,"2018-05-08 10:52:44",mdl_assignsubmission_onlinetext,3
55,"2018-05-08 10:52:44",mdl_course,3
55,"2018-05-08 10:52:44",mdl_course_modules,9
55,"2018-05-08 10:52:44",mdl_grade_grades,9
55,"2018-05-08 10:52:44",mdl_grade_items,9
56,"2018-05-08 10:52:46",mdl_assign,6
56,"2018-05-08 10:52:46",mdl_assign_grades,5
56,"2018-05-08 10:52:46",mdl_assign_submission,11
56,"2018-05-08 10:52:46",mdl_assignfeedback_comments,4
56,"2018-05-08 10:52:46",mdl_assignsubmission_onlinetext,3
56,"2018-05-08 10:52:46",mdl_course,3
56,"2018-05-08 10:52:46",mdl_course_modules,9
56,"2018-05-08 10:52:46",mdl_grade_grades,9
56,"2018-05-08 10:52:46",mdl_grade_items,9
57,"2018-05-08 10:52:47",mdl_assign,6
57,"2018-05-08 10:52:47",mdl_assign_grades,5
57,"2018-05-08 10:52:47",mdl_assign_submission,11
57,"2018-05-08 10:52:47",mdl_assignfeedback_comments,4
57,"2018-05-08 10:52:47",mdl_assignsubmission_onlinetext,3
57,"2018-05-08 10:52:47",mdl_course,3
57,"2018-05-08 10:52:47",mdl_course_modules,9
57,"2018-05-08 10:52:47",mdl_grade_grades,9
57,"2018-05-08 10:52:47",mdl_grade_items,9
58,"2018-05-08 10:52:48",mdl_assign,6
58,"2018-05-08 10:52:48",mdl_assign_grades,5
58,"2018-05-08 10:52:48",mdl_assign_submission,11
58,"2018-05-08 10:52:48",mdl_assignfeedback_comments,4
58,"2018-05-08 10:52:48",mdl_assignsubmission_onlinetext,3
58,"2018-05-08 10:52:48",mdl_course,3
58,"2018-05-08 10:52:48",mdl_course_modules,9
58,"2018-05-08 10:52:48",mdl_grade_grades,9
58,"2018-05-08 10:52:48",mdl_grade_items,9
59,"2018-05-08 10:52:49",mdl_assign,6
59,"2018-05-08 10:52:49",mdl_assign_grades,5
59,"2018-05-08 10:52:49",mdl_assign_submission,11
59,"2018-05-08 10:52:49",mdl_assignfeedback_comments,4
59,"2018-05-08 10:52:49",mdl_assignsubmission_onlinetext,3
59,"2018-05-08 10:52:49",mdl_course,3
59,"2018-05-08 10:52:49",mdl_course_modules,9
59,"2018-05-08 10:52:49",mdl_grade_grades,9
59,"2018-05-08 10:52:49",mdl_grade_items,9
60,"2018-05-08 10:52:51",mdl_assign,6
60,"2018-05-08 10:52:51",mdl_assign_grades,5
60,"2018-05-08 10:52:51",mdl_assign_submission,11
60,"2018-05-08 10:52:51",mdl_assignfeedback_comments,4
60,"2018-05-08 10:52:51",mdl_assignsubmission_onlinetext,3
60,"2018-05-08 10:52:51",mdl_course,3
60,"2018-05-08 10:52:51",mdl_course_modules,9
60,"2018-05-08 10:52:51",mdl_grade_grades,9
60,"2018-05-08 10:52:51",mdl_grade_items,9
61,"2018-05-08 10:52:52",mdl_assign,6
61,"2018-05-08 10:52:52",mdl_assign_grades,5
61,"2018-05-08 10:52:52",mdl_assign_submission,11
61,"2018-05-08 10:52:52",mdl_assignfeedback_comments,4
61,"2018-05-08 10:52:52",mdl_assignsubmission_onlinetext,3
61,"2018-05-08 10:52:52",mdl_course,3
61,"2018-05-08 10:52:52",mdl_course_modules,9
61,"2018-05-08 10:52:52",mdl_grade_grades,9
61,"2018-05-08 10:52:52",mdl_grade_items,9
62,"2018-05-08 10:52:53",mdl_assign,6
62,"2018-05-08 10:52:53",mdl_assign_grades,5
62,"2018-05-08 10:52:53",mdl_assign_submission,11
62,"2018-05-08 10:52:53",mdl_assignfeedback_comments,4
62,"2018-05-08 10:52:53",mdl_assignsubmission_onlinetext,3
62,"2018-05-08 10:52:53",mdl_course,3
62,"2018-05-08 10:52:53",mdl_course_modules,9
62,"2018-05-08 10:52:53",mdl_grade_grades,9
62,"2018-05-08 10:52:53",mdl_grade_items,9
63,"2018-05-08 10:52:54",mdl_assign,6
63,"2018-05-08 10:52:54",mdl_assign_grades,5
63,"2018-05-08 10:52:54",mdl_assign_submission,11
63,"2018-05-08 10:52:54",mdl_assignfeedback_comments,4
63,"2018-05-08 10:52:54",mdl_assignsubmission_onlinetext,3
63,"2018-05-08 10:52:54",mdl_course,3
63,"2018-05-08 10:52:54",mdl_course_modules,9
63,"2018-05-08 10:52:54",mdl_grade_grades,9
63,"2018-05-08 10:52:54",mdl_grade_items,9
64,"2018-05-08 10:52:56",mdl_assign,6
64,"2018-05-08 10:52:56",mdl_assign_grades,5
64,"2018-05-08 10:52:56",mdl_assign_submission,11
64,"2018-05-08 10:52:56",mdl_assignfeedback_comments,4
64,"2018-05-08 10:52:56",mdl_assignsubmission_onlinetext,3
64,"2018-05-08 10:52:56",mdl_course,3
64,"2018-05-08 10:52:56",mdl_course_modules,9
64,"2018-05-08 10:52:56",mdl_grade_grades,9
64,"2018-05-08 10:52:56",mdl_grade_items,9
65,"2018-05-08 10:52:57",mdl_assign,6
65,"2018-05-08 10:52:57",mdl_assign_grades,5
65,"2018-05-08 10:52:57",mdl_assign_submission,11
65,"2018-05-08 10:52:57",mdl_assignfeedback_comments,4
65,"2018-05-08 10:52:57",mdl_assignsubmission_onlinetext,3
65,"2018-05-08 10:52:57",mdl_course,3
65,"2018-05-08 10:52:57",mdl_course_modules,9
65,"2018-05-08 10:52:57",mdl_grade_grades,9
65,"2018-05-08 10:52:57",mdl_grade_items,9
66,"2018-05-08 10:52:58",mdl_assign,6
66,"2018-05-08 10:52:58",mdl_assign_grades,5
66,"2018-05-08 10:52:58",mdl_assign_submission,11
66,"2018-05-08 10:52:58",mdl_assignfeedback_comments,4
66,"2018-05-08 10:52:58",mdl_assignsubmission_onlinetext,3
66,"2018-05-08 10:52:58",mdl_course,3
66,"2018-05-08 10:52:58",mdl_course_modules,9
66,"2018-05-08 10:52:58",mdl_grade_grades,9
66,"2018-05-08 10:52:58",mdl_grade_items,9
67,"2018-05-08 10:52:59",mdl_assign,6
67,"2018-05-08 10:52:59",mdl_assign_grades,5
67,"2018-05-08 10:52:59",mdl_assign_submission,11
67,"2018-05-08 10:52:59",mdl_assignfeedback_comments,4
67,"2018-05-08 10:52:59",mdl_assignsubmission_onlinetext,3
67,"2018-05-08 10:52:59",mdl_course,3
67,"2018-05-08 10:52:59",mdl_course_modules,9
67,"2018-05-08 10:52:59",mdl_grade_grades,9
67,"2018-05-08 10:52:59",mdl_grade_items,9
68,"2018-05-08 10:53:00",mdl_assign,6
68,"2018-05-08 10:53:00",mdl_assign_grades,5
68,"2018-05-08 10:53:00",mdl_assign_submission,11
68,"2018-05-08 10:53:00",mdl_assignfeedback_comments,4
68,"2018-05-08 10:53:00",mdl_assignsubmission_onlinetext,3
68,"2018-05-08 10:53:00",mdl_course,3
68,"2018-05-08 10:53:00",mdl_course_modules,9
68,"2018-05-08 10:53:00",mdl_grade_grades,9
68,"2018-05-08 10:53:00",mdl_grade_items,9
69,"2018-05-08 10:53:01",mdl_assign,6
69,"2018-05-08 10:53:01",mdl_assign_grades,5
69,"2018-05-08 10:53:01",mdl_assign_submission,11
69,"2018-05-08 10:53:01",mdl_assignfeedback_comments,4
69,"2018-05-08 10:53:01",mdl_assignsubmission_onlinetext,3
69,"2018-05-08 10:53:01",mdl_course,3
69,"2018-05-08 10:53:01",mdl_course_modules,9
69,"2018-05-08 10:53:01",mdl_grade_grades,9
69,"2018-05-08 10:53:01",mdl_grade_items,9
70,"2018-05-08 10:53:02",mdl_assign,6
70,"2018-05-08 10:53:02",mdl_assign_grades,5
70,"2018-05-08 10:53:02",mdl_assign_submission,11
70,"2018-05-08 10:53:02",mdl_assignfeedback_comments,4
70,"2018-05-08 10:53:02",mdl_assignsubmission_onlinetext,3
70,"2018-05-08 10:53:02",mdl_course,3
70,"2018-05-08 10:53:02",mdl_course_modules,9
70,"2018-05-08 10:53:02",mdl_grade_grades,9
70,"2018-05-08 10:53:02",mdl_grade_items,9
71,"2018-05-08 10:53:04",mdl_assign,6
71,"2018-05-08 10:53:04",mdl_assign_grades,5
71,"2018-05-08 10:53:04",mdl_assign_submission,11
71,"2018-05-08 10:53:04",mdl_assignfeedback_comments,4
71,"2018-05-08 10:53:04",mdl_assignsubmission_onlinetext,3
71,"2018-05-08 10:53:04",mdl_course,3
71,"2018-05-08 10:53:04",mdl_course_modules,9
71,"2018-05-08 10:53:04",mdl_grade_grades,9
71,"2018-05-08 10:53:04",mdl_grade_items,9
72,"2018-05-08 10:53:05",mdl_assign,6
72,"2018-05-08 10:53:05",mdl_assign_grades,5
72,"2018-05-08 10:53:05",mdl_assign_submission,11
72,"2018-05-08 10:53:05",mdl_assignfeedback_comments,4
72,"2018-05-08 10:53:05",mdl_assignsubmission_onlinetext,3
72,"2018-05-08 10:53:05",mdl_course,3
72,"2018-05-08 10:53:05",mdl_course_modules,9
72,"2018-05-08 10:53:05",mdl_grade_grades,9
72,"2018-05-08 10:53:05",mdl_grade_items,9
73,"2018-05-08 10:53:06",mdl_assign,6
73,"2018-05-08 10:53:06",mdl_assign_grades,5
73,"2018-05-08 10:53:06",mdl_assign_submission,11
73,"2018-05-08 10:53:06",mdl_assignfeedback_comments,4
73,"2018-05-08 10:53:06",mdl_assignsubmission_onlinetext,3
73,"2018-05-08 10:53:06",mdl_course,3
73,"2018-05-08 10:53:06",mdl_course_modules,9
73,"2018-05-08 10:53:06",mdl_grade_grades,9
73,"2018-05-08 10:53:06",mdl_grade_items,9
74,"2018-05-08 10:53:07",mdl_assign,6
74,"2018-05-08 10:53:07",mdl_assign_grades,5
74,"2018-05-08 10:53:07",mdl_assign_submission,11
74,"2018-05-08 10:53:07",mdl_assignfeedback_comments,4
74,"2018-05-08 10:53:07",mdl_assignsubmission_onlinetext,3
74,"2018-05-08 10:53:07",mdl_course,3
74,"2018-05-08 10:53:07",mdl_course_modules,9
74,"2018-05-08 10:53:07",mdl_grade_grades,9
74,"2018-05-08 10:53:07",mdl_grade_items,9
75,"2018-05-08 10:53:08",mdl_assign,6
75,"2018-05-08 10:53:08",mdl_assign_grades,5
75,"2018-05-08 10:53:08",mdl_assign_submission,11
75,"2018-05-08 10:53:08",mdl_assignfeedback_comments,4
75,"2018-05-08 10:53:08",mdl_assignsubmission_onlinetext,3
75,"2018-05-08 10:53:08",mdl_course,3
75,"2018-05-08 10:53:08",mdl_course_modules,9
75,"2018-05-08 10:53:08",mdl_grade_grades,9
75,"2018-05-08 10:53:08",mdl_grade_items,9
76,"2018-05-08 10:53:09",mdl_assign,6
76,"2018-05-08 10:53:09",mdl_assign_grades,5
76,"2018-05-08 10:53:09",mdl_assign_submission,11
76,"2018-05-08 10:53:09",mdl_assignfeedback_comments,4
76,"2018-05-08 10:53:09",mdl_assignsubmission_onlinetext,3
76,"2018-05-08 10:53:09",mdl_course,3
76,"2018-05-08 10:53:09",mdl_course_modules,9
76,"2018-05-08 10:53:09",mdl_grade_grades,9
76,"2018-05-08 10:53:09",mdl_grade_items,9
77,"2018-05-08 10:53:10",mdl_assign,6
77,"2018-05-08 10:53:10",mdl_assign_grades,5
77,"2018-05-08 10:53:10",mdl_assign_submission,11
77,"2018-05-08 10:53:10",mdl_assignfeedback_comments,4
77,"2018-05-08 10:53:10",mdl_assignsubmission_onlinetext,3
77,"2018-05-08 10:53:10",mdl_course,3
77,"2018-05-08 10:53:10",mdl_course_modules,9
77,"2018-05-08 10:53:10",mdl_grade_grades,9
77,"2018-05-08 10:53:10",mdl_grade_items,9
78,"2018-05-08 10:53:11",mdl_assign,6
78,"2018-05-08 10:53:11",mdl_assign_grades,5
78,"2018-05-08 10:53:11",mdl_assign_submission,11
78,"2018-05-08 10:53:11",mdl_assignfeedback_comments,4
78,"2018-05-08 10:53:11",mdl_assignsubmission_onlinetext,3
78,"2018-05-08 10:53:11",mdl_course,3
78,"2018-05-08 10:53:11",mdl_course_modules,9
78,"2018-05-08 10:53:11",mdl_grade_grades,9
78,"2018-05-08 10:53:11",mdl_grade_items,9
79,"2018-05-08 10:53:12",mdl_assign,6
79,"2018-05-08 10:53:12",mdl_assign_grades,5
79,"2018-05-08 10:53:12",mdl_assign_submission,11
79,"2018-05-08 10:53:12",mdl_assignfeedback_comments,4
79,"2018-05-08 10:53:12",mdl_assignsubmission_onlinetext,3
79,"2018-05-08 10:53:12",mdl_course,3
79,"2018-05-08 10:53:12",mdl_course_modules,9
79,"2018-05-08 10:53:12",mdl_grade_grades,9
79,"2018-05-08 10:53:12",mdl_grade_items,9
80,"2018-05-08 10:53:13",mdl_assign,6
80,"2018-05-08 10:53:13",mdl_assign_grades,5
80,"2018-05-08 10:53:13",mdl_assign_submission,11
80,"2018-05-08 10:53:13",mdl_assignfeedback_comments,4
80,"2018-05-08 10:53:13",mdl_assignsubmission_onlinetext,3
80,"2018-05-08 10:53:13",mdl_course,3
80,"2018-05-08 10:53:13",mdl_course_modules,9
80,"2018-05-08 10:53:13",mdl_grade_grades,9
80,"2018-05-08 10:53:13",mdl_grade_items,9
81,"2018-05-08 10:53:15",mdl_assign,6
81,"2018-05-08 10:53:15",mdl_assign_grades,5
81,"2018-05-08 10:53:15",mdl_assign_submission,11
81,"2018-05-08 10:53:15",mdl_assignfeedback_comments,4
81,"2018-05-08 10:53:15",mdl_assignsubmission_onlinetext,3
81,"2018-05-08 10:53:15",mdl_course,3
81,"2018-05-08 10:53:15",mdl_course_modules,9
81,"2018-05-08 10:53:15",mdl_grade_grades,9
81,"2018-05-08 10:53:15",mdl_grade_items,9
82,"2018-05-08 10:53:16",mdl_assign,6
82,"2018-05-08 10:53:16",mdl_assign_grades,5
82,"2018-05-08 10:53:16",mdl_assign_submission,11
82,"2018-05-08 10:53:16",mdl_assignfeedback_comments,4
82,"2018-05-08 10:53:16",mdl_assignsubmission_onlinetext,3
82,"2018-05-08 10:53:16",mdl_course,3
82,"2018-05-08 10:53:16",mdl_course_modules,9
82,"2018-05-08 10:53:16",mdl_grade_grades,9
82,"2018-05-08 10:53:16",mdl_grade_items,9
83,"2018-05-08 10:53:17",mdl_assign,6
83,"2018-05-08 10:53:17",mdl_assign_grades,5
83,"2018-05-08 10:53:17",mdl_assign_submission,11
83,"2018-05-08 10:53:17",mdl_assignfeedback_comments,4
83,"2018-05-08 10:53:17",mdl_assignsubmission_onlinetext,3
83,"2018-05-08 10:53:17",mdl_course,3
83,"2018-05-08 10:53:17",mdl_course_modules,9
83,"2018-05-08 10:53:17",mdl_grade_grades,9
83,"2018-05-08 10:53:17",mdl_grade_items,9
84,"2018-05-08 10:53:18",mdl_assign,6
84,"2018-05-08 10:53:18",mdl_assign_grades,5
84,"2018-05-08 10:53:18",mdl_assign_submission,11
84,"2018-05-08 10:53:18",mdl_assignfeedback_comments,4
84,"2018-05-08 10:53:18",mdl_assignsubmission_onlinetext,3
84,"2018-05-08 10:53:18",mdl_course,3
84,"2018-05-08 10:53:18",mdl_course_modules,9
84,"2018-05-08 10:53:18",mdl_grade_grades,9
84,"2018-05-08 10:53:18",mdl_grade_items,9
85,"2018-05-08 10:53:19",mdl_assign,6
85,"2018-05-08 10:53:19",mdl_assign_grades,5
85,"2018-05-08 10:53:19",mdl_assign_submission,11
85,"2018-05-08 10:53:19",mdl_assignfeedback_comments,4
85,"2018-05-08 10:53:19",mdl_assignsubmission_onlinetext,3
85,"2018-05-08 10:53:19",mdl_course,3
85,"2018-05-08 10:53:19",mdl_course_modules,9
85,"2018-05-08 10:53:19",mdl_grade_grades,9
85,"2018-05-08 10:53:19",mdl_grade_items,9
86,"2018-05-08 10:53:20",mdl_assign,6
86,"2018-05-08 10:53:20",mdl_assign_grades,5
86,"2018-05-08 10:53:20",mdl_assign_submission,11
86,"2018-05-08 10:53:20",mdl_assignfeedback_comments,4
86,"2018-05-08 10:53:20",mdl_assignsubmission_onlinetext,3
86,"2018-05-08 10:53:20",mdl_course,3
86,"2018-05-08 10:53:20",mdl_course_modules,9
86,"2018-05-08 10:53:20",mdl_grade_grades,9
86,"2018-05-08 10:53:20",mdl_grade_items,9
87,"2018-05-08 10:53:21",mdl_assign,6
87,"2018-05-08 10:53:21",mdl_assign_grades,5
87,"2018-05-08 10:53:21",mdl_assign_submission,11
87,"2018-05-08 10:53:21",mdl_assignfeedback_comments,4
87,"2018-05-08 10:53:21",mdl_assignsubmission_onlinetext,3
87,"2018-05-08 10:53:21",mdl_course,3
87,"2018-05-08 10:53:21",mdl_course_modules,9
87,"2018-05-08 10:53:21",mdl_grade_grades,9
87,"2018-05-08 10:53:21",mdl_grade_items,9
88,"2018-05-08 10:53:22",mdl_assign,6
88,"2018-05-08 10:53:22",mdl_assign_grades,5
88,"2018-05-08 10:53:22",mdl_assign_submission,11
88,"2018-05-08 10:53:22",mdl_assignfeedback_comments,4
88,"2018-05-08 10:53:22",mdl_assignsubmission_onlinetext,3
88,"2018-05-08 10:53:22",mdl_course,3
88,"2018-05-08 10:53:22",mdl_course_modules,9
88,"2018-05-08 10:53:22",mdl_grade_grades,9
88,"2018-05-08 10:53:22",mdl_grade_items,9
89,"2018-05-08 10:53:23",mdl_assign,6
89,"2018-05-08 10:53:23",mdl_assign_grades,5
89,"2018-05-08 10:53:23",mdl_assign_submission,11
89,"2018-05-08 10:53:23",mdl_assignfeedback_comments,4
89,"2018-05-08 10:53:23",mdl_assignsubmission_onlinetext,3
89,"2018-05-08 10:53:23",mdl_course,3
89,"2018-05-08 10:53:23",mdl_course_modules,9
89,"2018-05-08 10:53:23",mdl_grade_grades,9
89,"2018-05-08 10:53:23",mdl_grade_items,9
90,"2018-05-08 10:53:24",mdl_assign,6
90,"2018-05-08 10:53:24",mdl_assign_grades,5
90,"2018-05-08 10:53:24",mdl_assign_submission,11
90,"2018-05-08 10:53:24",mdl_assignfeedback_comments,4
90,"2018-05-08 10:53:24",mdl_assignsubmission_onlinetext,3
90,"2018-05-08 10:53:24",mdl_course,3
90,"2018-05-08 10:53:24",mdl_course_modules,9
90,"2018-05-08 10:53:24",mdl_grade_grades,9
90,"2018-05-08 10:53:24",mdl_grade_items,9
91,"2018-05-08 10:53:26",mdl_assign,6
91,"2018-05-08 10:53:26",mdl_assign_grades,5
91,"2018-05-08 10:53:26",mdl_assign_submission,11
91,"2018-05-08 10:53:26",mdl_assignfeedback_comments,4
91,"2018-05-08 10:53:26",mdl_assignsubmission_onlinetext,3
91,"2018-05-08 10:53:26",mdl_course,3
91,"2018-05-08 10:53:26",mdl_course_modules,9
91,"2018-05-08 10:53:26",mdl_grade_grades,9
91,"2018-05-08 10:53:26",mdl_grade_items,9
92,"2018-05-08 10:53:27",mdl_assign,6
92,"2018-05-08 10:53:27",mdl_assign_grades,5
92,"2018-05-08 10:53:27",mdl_assign_submission,11
92,"2018-05-08 10:53:27",mdl_assignfeedback_comments,4
92,"2018-05-08 10:53:27",mdl_assignsubmission_onlinetext,3
92,"2018-05-08 10:53:27",mdl_course,3
92,"2018-05-08 10:53:27",mdl_course_modules,9
92,"2018-05-08 10:53:27",mdl_grade_grades,9
92,"2018-05-08 10:53:27",mdl_grade_items,9
93,"2018-05-08 10:53:28",mdl_assign,6
93,"2018-05-08 10:53:28",mdl_assign_grades,5
93,"2018-05-08 10:53:28",mdl_assign_submission,11
93,"2018-05-08 10:53:28",mdl_assignfeedback_comments,4
93,"2018-05-08 10:53:28",mdl_assignsubmission_onlinetext,3
93,"2018-05-08 10:53:28",mdl_course,3
93,"2018-05-08 10:53:28",mdl_course_modules,9
93,"2018-05-08 10:53:28",mdl_grade_grades,9
93,"2018-05-08 10:53:28",mdl_grade_items,9
94,"2018-05-08 10:53:29",mdl_assign,6
94,"2018-05-08 10:53:29",mdl_assign_grades,5
94,"2018-05-08 10:53:29",mdl_assign_submission,11
94,"2018-05-08 10:53:29",mdl_assignfeedback_comments,4
94,"2018-05-08 10:53:29",mdl_assignsubmission_onlinetext,3
94,"2018-05-08 10:53:29",mdl_course,3
94,"2018-05-08 10:53:29",mdl_course_modules,9
94,"2018-05-08 10:53:29",mdl_grade_grades,9
94,"2018-05-08 10:53:29",mdl_grade_items,9
95,"2018-05-08 10:53:30",mdl_assign,6
95,"2018-05-08 10:53:30",mdl_assign_grades,5
95,"2018-05-08 10:53:30",mdl_assign_submission,11
95,"2018-05-08 10:53:30",mdl_assignfeedback_comments,4
95,"2018-05-08 10:53:30",mdl_assignsubmission_onlinetext,3
95,"2018-05-08 10:53:30",mdl_course,3
95,"2018-05-08 10:53:30",mdl_course_modules,9
95,"2018-05-08 10:53:30",mdl_grade_grades,9
95,"2018-05-08 10:53:30",mdl_grade_items,9
96,"2018-05-08 10:53:31",mdl_assign,6
96,"2018-05-08 10:53:31",mdl_assign_grades,5
96,"2018-05-08 10:53:31",mdl_assign_submission,11
96,"2018-05-08 10:53:31",mdl_assignfeedback_comments,4
96,"2018-05-08 10:53:31",mdl_assignsubmission_onlinetext,3
96,"2018-05-08 10:53:31",mdl_course,3
96,"2018-05-08 10:53:31",mdl_course_modules,9
96,"2018-05-08 10:53:31",mdl_grade_grades,9
96,"2018-05-08 10:53:31",mdl_grade_items,9
97,"2018-05-08 10:53:32",mdl_assign,6
97,"2018-05-08 10:53:32",mdl_assign_grades,5
97,"2018-05-08 10:53:32",mdl_assign_submission,11
97,"2018-05-08 10:53:32",mdl_assignfeedback_comments,4
97,"2018-05-08 10:53:32",mdl_assignsubmission_onlinetext,3
97,"2018-05-08 10:53:32",mdl_course,3
97,"2018-05-08 10:53:32",mdl_course_modules,9
97,"2018-05-08 10:53:32",mdl_grade_grades,9
97,"2018-05-08 10:53:32",mdl_grade_items,9
98,"2018-05-08 10:53:34",mdl_assign,6
98,"2018-05-08 10:53:34",mdl_assign_grades,5
98,"2018-05-08 10:53:34",mdl_assign_submission,11
98,"2018-05-08 10:53:34",mdl_assignfeedback_comments,4
98,"2018-05-08 10:53:34",mdl_assignsubmission_onlinetext,3
98,"2018-05-08 10:53:34",mdl_course,3
98,"2018-05-08 10:53:34",mdl_course_modules,9
98,"2018-05-08 10:53:34",mdl_grade_grades,9
98,"2018-05-08 10:53:34",mdl_grade_items,9
99,"2018-05-08 10:53:35",mdl_assign,6
99,"2018-05-08 10:53:35",mdl_assign_grades,5
99,"2018-05-08 10:53:35",mdl_assign_submission,11
99,"2018-05-08 10:53:35",mdl_assignfeedback_comments,4
99,"2018-05-08 10:53:35",mdl_assignsubmission_onlinetext,3
99,"2018-05-08 10:53:35",mdl_course,3
99,"2018-05-08 10:53:35",mdl_course_modules,9
99,"2018-05-08 10:53:35",mdl_grade_grades,9
99,"2018-05-08 10:53:35",mdl_grade_items,9
100,"2018-05-08 10:53:36",mdl_assign,6
100,"2018-05-08 10:53:36",mdl_assign_grades,5
100,"2018-05-08 10:53:36",mdl_assign_submission,11
100,"2018-05-08 10:53:36",mdl_assignfeedback_comments,4
100,"2018-05-08 10:53:36",mdl_assignsubmission_onlinetext,3
100,"2018-05-08 10:53:36",mdl_course,3
100,"2018-05-08 10:53:36",mdl_course_modules,9
100,"2018-05-08 10:53:36",mdl_grade_grades,9
100,"2018-05-08 10:53:36",mdl_grade_items,9
101,"2018-05-08 10:53:37",mdl_assign,6
101,"2018-05-08 10:53:37",mdl_assign_grades,5
101,"2018-05-08 10:53:37",mdl_assign_submission,11
101,"2018-05-08 10:53:37",mdl_assignfeedback_comments,4
101,"2018-05-08 10:53:37",mdl_assignsubmission_onlinetext,3
101,"2018-05-08 10:53:37",mdl_course,3
101,"2018-05-08 10:53:37",mdl_course_modules,9
101,"2018-05-08 10:53:37",mdl_grade_grades,9
101,"2018-05-08 10:53:37",mdl_grade_items,9
102,"2018-05-08 10:53:38",mdl_assign,6
102,"2018-05-08 10:53:38",mdl_assign_grades,5
102,"2018-05-08 10:53:38",mdl_assign_submission,11
102,"2018-05-08 10:53:38",mdl_assignfeedback_comments,4
102,"2018-05-08 10:53:38",mdl_assignsubmission_onlinetext,3
102,"2018-05-08 10:53:38",mdl_course,3
102,"2018-05-08 10:53:38",mdl_course_modules,9
102,"2018-05-08 10:53:38",mdl_grade_grades,9
102,"2018-05-08 10:53:38",mdl_grade_items,9
103,"2018-05-08 10:53:39",mdl_assign,6
103,"2018-05-08 10:53:39",mdl_assign_grades,5
103,"2018-05-08 10:53:39",mdl_assign_submission,11
103,"2018-05-08 10:53:39",mdl_assignfeedback_comments,4
103,"2018-05-08 10:53:39",mdl_assignsubmission_onlinetext,3
103,"2018-05-08 10:53:39",mdl_course,3
103,"2018-05-08 10:53:39",mdl_course_modules,9
103,"2018-05-08 10:53:39",mdl_grade_grades,9
103,"2018-05-08 10:53:39",mdl_grade_items,9
104,"2018-05-08 10:53:40",mdl_assign,6
104,"2018-05-08 10:53:40",mdl_assign_grades,5
104,"2018-05-08 10:53:40",mdl_assign_submission,11
104,"2018-05-08 10:53:40",mdl_assignfeedback_comments,4
104,"2018-05-08 10:53:40",mdl_assignsubmission_onlinetext,3
104,"2018-05-08 10:53:40",mdl_course,3
104,"2018-05-08 10:53:40",mdl_course_modules,9
104,"2018-05-08 10:53:40",mdl_grade_grades,9
104,"2018-05-08 10:53:40",mdl_grade_items,9
105,"2018-05-08 10:53:42",mdl_assign,6
105,"2018-05-08 10:53:42",mdl_assign_grades,5
105,"2018-05-08 10:53:42",mdl_assign_submission,11
105,"2018-05-08 10:53:42",mdl_assignfeedback_comments,4
105,"2018-05-08 10:53:42",mdl_assignsubmission_onlinetext,3
105,"2018-05-08 10:53:42",mdl_course,3
105,"2018-05-08 10:53:42",mdl_course_modules,9
105,"2018-05-08 10:53:42",mdl_grade_grades,9
105,"2018-05-08 10:53:42",mdl_grade_items,9
106,"2018-05-08 10:53:44",mdl_assign,6
106,"2018-05-08 10:53:44",mdl_assign_grades,5
106,"2018-05-08 10:53:44",mdl_assign_submission,11
106,"2018-05-08 10:53:44",mdl_assignfeedback_comments,4
106,"2018-05-08 10:53:44",mdl_assignsubmission_onlinetext,3
106,"2018-05-08 10:53:44",mdl_course,3
106,"2018-05-08 10:53:44",mdl_course_modules,9
106,"2018-05-08 10:53:44",mdl_grade_grades,9
106,"2018-05-08 10:53:44",mdl_grade_items,9
107,"2018-05-08 10:53:48",mdl_assign,6
107,"2018-05-08 10:53:48",mdl_assign_grades,5
107,"2018-05-08 10:53:48",mdl_assign_submission,11
107,"2018-05-08 10:53:48",mdl_assignfeedback_comments,4
107,"2018-05-08 10:53:48",mdl_assignsubmission_onlinetext,3
107,"2018-05-08 10:53:48",mdl_course,3
107,"2018-05-08 10:53:48",mdl_course_modules,9
107,"2018-05-08 10:53:48",mdl_grade_grades,9
107,"2018-05-08 10:53:48",mdl_grade_items,9
108,"2018-05-08 10:53:50",mdl_assign,6
108,"2018-05-08 10:53:50",mdl_assign_grades,5
108,"2018-05-08 10:53:50",mdl_assign_submission,11
108,"2018-05-08 10:53:50",mdl_assignfeedback_comments,4
108,"2018-05-08 10:53:50",mdl_assignsubmission_onlinetext,3
108,"2018-05-08 10:53:50",mdl_course,3
108,"2018-05-08 10:53:50",mdl_course_modules,9
108,"2018-05-08 10:53:50",mdl_grade_grades,9
108,"2018-05-08 10:53:50",mdl_grade_items,9
109,"2018-05-08 10:53:51",mdl_assign,6
109,"2018-05-08 10:53:51",mdl_assign_grades,5
109,"2018-05-08 10:53:51",mdl_assign_submission,11
109,"2018-05-08 10:53:51",mdl_assignfeedback_comments,4
109,"2018-05-08 10:53:51",mdl_assignsubmission_onlinetext,3
109,"2018-05-08 10:53:51",mdl_course,3
109,"2018-05-08 10:53:51",mdl_course_modules,9
109,"2018-05-08 10:53:51",mdl_grade_grades,9
109,"2018-05-08 10:53:51",mdl_grade_items,9
110,"2018-05-08 10:53:54",mdl_assign,6
110,"2018-05-08 10:53:54",mdl_assign_grades,5
110,"2018-05-08 10:53:54",mdl_assign_submission,11
110,"2018-05-08 10:53:54",mdl_assignfeedback_comments,4
110,"2018-05-08 10:53:54",mdl_assignsubmission_onlinetext,3
110,"2018-05-08 10:53:54",mdl_course,3
110,"2018-05-08 10:53:54",mdl_course_modules,9
110,"2018-05-08 10:53:54",mdl_grade_grades,9
110,"2018-05-08 10:53:54",mdl_grade_items,9
111,"2018-05-08 10:53:56",mdl_assign,6
111,"2018-05-08 10:53:56",mdl_assign_grades,5
111,"2018-05-08 10:53:56",mdl_assign_submission,11
111,"2018-05-08 10:53:56",mdl_assignfeedback_comments,4
111,"2018-05-08 10:53:56",mdl_assignsubmission_onlinetext,3
111,"2018-05-08 10:53:56",mdl_course,3
111,"2018-05-08 10:53:56",mdl_course_modules,9
111,"2018-05-08 10:53:56",mdl_grade_grades,9
111,"2018-05-08 10:53:56",mdl_grade_items,9
112,"2018-05-08 10:53:59",mdl_assign,6
112,"2018-05-08 10:53:59",mdl_assign_grades,5
112,"2018-05-08 10:53:59",mdl_assign_submission,11
112,"2018-05-08 10:53:59",mdl_assignfeedback_comments,4
112,"2018-05-08 10:53:59",mdl_assignsubmission_onlinetext,3
112,"2018-05-08 10:53:59",mdl_course,3
112,"2018-05-08 10:53:59",mdl_course_modules,9
112,"2018-05-08 10:53:59",mdl_grade_grades,9
112,"2018-05-08 10:53:59",mdl_grade_items,9
113,"2018-05-08 10:54:00",mdl_assign,6
113,"2018-05-08 10:54:00",mdl_assign_grades,5
113,"2018-05-08 10:54:00",mdl_assign_submission,11
113,"2018-05-08 10:54:00",mdl_assignfeedback_comments,4
113,"2018-05-08 10:54:00",mdl_assignsubmission_onlinetext,3
113,"2018-05-08 10:54:00",mdl_course,3
113,"2018-05-08 10:54:00",mdl_course_modules,9
113,"2018-05-08 10:54:00",mdl_grade_grades,9
113,"2018-05-08 10:54:00",mdl_grade_items,9
114,"2018-05-08 10:54:02",mdl_assign,6
114,"2018-05-08 10:54:02",mdl_assign_grades,5
114,"2018-05-08 10:54:02",mdl_assign_submission,11
114,"2018-05-08 10:54:02",mdl_assignfeedback_comments,4
114,"2018-05-08 10:54:02",mdl_assignsubmission_onlinetext,3
114,"2018-05-08 10:54:02",mdl_course,3
114,"2018-05-08 10:54:02",mdl_course_modules,9
114,"2018-05-08 10:54:02",mdl_grade_grades,9
114,"2018-05-08 10:54:02",mdl_grade_items,9
115,"2018-05-08 10:54:03",mdl_assign,6
115,"2018-05-08 10:54:03",mdl_assign_grades,5
115,"2018-05-08 10:54:03",mdl_assign_submission,11
115,"2018-05-08 10:54:03",mdl_assignfeedback_comments,4
115,"2018-05-08 10:54:03",mdl_assignsubmission_onlinetext,3
115,"2018-05-08 10:54:03",mdl_course,3
115,"2018-05-08 10:54:03",mdl_course_modules,9
115,"2018-05-08 10:54:03",mdl_grade_grades,9
115,"2018-05-08 10:54:03",mdl_grade_items,9
116,"2018-05-08 10:54:05",mdl_assign,6
116,"2018-05-08 10:54:05",mdl_assign_grades,5
116,"2018-05-08 10:54:05",mdl_assign_submission,11
116,"2018-05-08 10:54:05",mdl_assignfeedback_comments,4
116,"2018-05-08 10:54:05",mdl_assignsubmission_onlinetext,3
116,"2018-05-08 10:54:05",mdl_course,3
116,"2018-05-08 10:54:05",mdl_course_modules,9
116,"2018-05-08 10:54:05",mdl_grade_grades,9
116,"2018-05-08 10:54:05",mdl_grade_items,9
117,"2018-05-08 10:54:06",mdl_assign,6
117,"2018-05-08 10:54:06",mdl_assign_grades,5
117,"2018-05-08 10:54:06",mdl_assign_submission,11
117,"2018-05-08 10:54:06",mdl_assignfeedback_comments,4
117,"2018-05-08 10:54:06",mdl_assignsubmission_onlinetext,3
117,"2018-05-08 10:54:06",mdl_course,3
117,"2018-05-08 10:54:06",mdl_course_modules,9
117,"2018-05-08 10:54:06",mdl_grade_grades,9
117,"2018-05-08 10:54:06",mdl_grade_items,9
118,"2018-05-08 10:54:07",mdl_assign,6
118,"2018-05-08 10:54:07",mdl_assign_grades,5
118,"2018-05-08 10:54:07",mdl_assign_submission,11
118,"2018-05-08 10:54:07",mdl_assignfeedback_comments,4
118,"2018-05-08 10:54:07",mdl_assignsubmission_onlinetext,3
118,"2018-05-08 10:54:07",mdl_course,3
118,"2018-05-08 10:54:07",mdl_course_modules,9
118,"2018-05-08 10:54:07",mdl_grade_grades,9
118,"2018-05-08 10:54:07",mdl_grade_items,9
119,"2018-05-08 10:54:08",mdl_assign,6
119,"2018-05-08 10:54:08",mdl_assign_grades,5
119,"2018-05-08 10:54:08",mdl_assign_submission,11
119,"2018-05-08 10:54:08",mdl_assignfeedback_comments,4
119,"2018-05-08 10:54:08",mdl_assignsubmission_onlinetext,3
119,"2018-05-08 10:54:08",mdl_course,3
119,"2018-05-08 10:54:08",mdl_course_modules,9
119,"2018-05-08 10:54:08",mdl_grade_grades,9
119,"2018-05-08 10:54:08",mdl_grade_items,9
120,"2018-05-08 10:54:09",mdl_assign,6
120,"2018-05-08 10:54:09",mdl_assign_grades,5
120,"2018-05-08 10:54:09",mdl_assign_submission,11
120,"2018-05-08 10:54:09",mdl_assignfeedback_comments,4
120,"2018-05-08 10:54:09",mdl_assignsubmission_onlinetext,3
120,"2018-05-08 10:54:09",mdl_course,3
120,"2018-05-08 10:54:09",mdl_course_modules,9
120,"2018-05-08 10:54:09",mdl_grade_grades,9
120,"2018-05-08 10:54:09",mdl_grade_items,9
121,"2018-05-08 10:54:10",mdl_assign,6
121,"2018-05-08 10:54:10",mdl_assign_grades,5
121,"2018-05-08 10:54:10",mdl_assign_submission,11
121,"2018-05-08 10:54:10",mdl_assignfeedback_comments,4
121,"2018-05-08 10:54:10",mdl_assignsubmission_onlinetext,3
121,"2018-05-08 10:54:10",mdl_course,3
121,"2018-05-08 10:54:10",mdl_course_modules,9
121,"2018-05-08 10:54:10",mdl_grade_grades,9
121,"2018-05-08 10:54:10",mdl_grade_items,9
122,"2018-05-08 10:54:11",mdl_assign,6
122,"2018-05-08 10:54:11",mdl_assign_grades,5
122,"2018-05-08 10:54:11",mdl_assign_submission,11
122,"2018-05-08 10:54:11",mdl_assignfeedback_comments,4
122,"2018-05-08 10:54:11",mdl_assignsubmission_onlinetext,3
122,"2018-05-08 10:54:11",mdl_course,3
122,"2018-05-08 10:54:11",mdl_course_modules,9
122,"2018-05-08 10:54:11",mdl_grade_grades,9
122,"2018-05-08 10:54:11",mdl_grade_items,9
123,"2018-05-08 10:54:12",mdl_assign,6
123,"2018-05-08 10:54:12",mdl_assign_grades,5
123,"2018-05-08 10:54:12",mdl_assign_submission,11
123,"2018-05-08 10:54:12",mdl_assignfeedback_comments,4
123,"2018-05-08 10:54:12",mdl_assignsubmission_onlinetext,3
123,"2018-05-08 10:54:12",mdl_course,3
123,"2018-05-08 10:54:12",mdl_course_modules,9
123,"2018-05-08 10:54:12",mdl_grade_grades,9
123,"2018-05-08 10:54:12",mdl_grade_items,9
124,"2018-05-08 10:54:13",mdl_assign,6
124,"2018-05-08 10:54:13",mdl_assign_grades,5
124,"2018-05-08 10:54:13",mdl_assign_submission,11
124,"2018-05-08 10:54:13",mdl_assignfeedback_comments,4
124,"2018-05-08 10:54:13",mdl_assignsubmission_onlinetext,3
124,"2018-05-08 10:54:13",mdl_course,3
124,"2018-05-08 10:54:13",mdl_course_modules,9
124,"2018-05-08 10:54:13",mdl_grade_grades,9
124,"2018-05-08 10:54:13",mdl_grade_items,9
125,"2018-05-08 10:54:14",mdl_assign,6
125,"2018-05-08 10:54:14",mdl_assign_grades,5
125,"2018-05-08 10:54:14",mdl_assign_submission,11
125,"2018-05-08 10:54:14",mdl_assignfeedback_comments,4
125,"2018-05-08 10:54:14",mdl_assignsubmission_onlinetext,3
125,"2018-05-08 10:54:14",mdl_course,3
125,"2018-05-08 10:54:14",mdl_course_modules,9
125,"2018-05-08 10:54:14",mdl_grade_grades,9
125,"2018-05-08 10:54:14",mdl_grade_items,9
126,"2018-05-08 10:54:15",mdl_assign,6
126,"2018-05-08 10:54:15",mdl_assign_grades,5
126,"2018-05-08 10:54:15",mdl_assign_submission,11
126,"2018-05-08 10:54:15",mdl_assignfeedback_comments,4
126,"2018-05-08 10:54:15",mdl_assignsubmission_onlinetext,3
126,"2018-05-08 10:54:15",mdl_course,3
126,"2018-05-08 10:54:15",mdl_course_modules,9
126,"2018-05-08 10:54:15",mdl_grade_grades,9
126,"2018-05-08 10:54:15",mdl_grade_items,9
127,"2018-05-08 10:54:17",mdl_assign,6
127,"2018-05-08 10:54:17",mdl_assign_grades,5
127,"2018-05-08 10:54:17",mdl_assign_submission,11
127,"2018-05-08 10:54:17",mdl_assignfeedback_comments,4
127,"2018-05-08 10:54:17",mdl_assignsubmission_onlinetext,3
127,"2018-05-08 10:54:17",mdl_course,3
127,"2018-05-08 10:54:17",mdl_course_modules,9
127,"2018-05-08 10:54:17",mdl_grade_grades,9
127,"2018-05-08 10:54:17",mdl_grade_items,9
128,"2018-05-08 10:54:18",mdl_assign,6
128,"2018-05-08 10:54:18",mdl_assign_grades,5
128,"2018-05-08 10:54:18",mdl_assign_submission,11
128,"2018-05-08 10:54:18",mdl_assignfeedback_comments,4
128,"2018-05-08 10:54:18",mdl_assignsubmission_onlinetext,3
128,"2018-05-08 10:54:18",mdl_course,3
128,"2018-05-08 10:54:18",mdl_course_modules,9
128,"2018-05-08 10:54:18",mdl_grade_grades,9
128,"2018-05-08 10:54:18",mdl_grade_items,9
129,"2018-05-08 10:54:19",mdl_assign,6
129,"2018-05-08 10:54:19",mdl_assign_grades,5
129,"2018-05-08 10:54:19",mdl_assign_submission,11
129,"2018-05-08 10:54:19",mdl_assignfeedback_comments,4
129,"2018-05-08 10:54:19",mdl_assignsubmission_onlinetext,3
129,"2018-05-08 10:54:19",mdl_course,3
129,"2018-05-08 10:54:19",mdl_course_modules,9
129,"2018-05-08 10:54:19",mdl_grade_grades,9
129,"2018-05-08 10:54:19",mdl_grade_items,9
130,"2018-05-08 10:54:20",mdl_assign,6
130,"2018-05-08 10:54:20",mdl_assign_grades,5
130,"2018-05-08 10:54:20",mdl_assign_submission,11
130,"2018-05-08 10:54:20",mdl_assignfeedback_comments,4
130,"2018-05-08 10:54:20",mdl_assignsubmission_onlinetext,3
130,"2018-05-08 10:54:20",mdl_course,3
130,"2018-05-08 10:54:20",mdl_course_modules,9
130,"2018-05-08 10:54:20",mdl_grade_grades,9
130,"2018-05-08 10:54:20",mdl_grade_items,9
131,"2018-05-08 10:54:21",mdl_assign,6
131,"2018-05-08 10:54:21",mdl_assign_grades,5
131,"2018-05-08 10:54:21",mdl_assign_submission,11
131,"2018-05-08 10:54:21",mdl_assignfeedback_comments,4
131,"2018-05-08 10:54:21",mdl_assignsubmission_onlinetext,3
131,"2018-05-08 10:54:21",mdl_course,3
131,"2018-05-08 10:54:21",mdl_course_modules,9
131,"2018-05-08 10:54:21",mdl_grade_grades,9
131,"2018-05-08 10:54:21",mdl_grade_items,9
132,"2018-05-08 10:54:22",mdl_assign,6
132,"2018-05-08 10:54:22",mdl_assign_grades,5
132,"2018-05-08 10:54:22",mdl_assign_submission,11
132,"2018-05-08 10:54:22",mdl_assignfeedback_comments,4
132,"2018-05-08 10:54:22",mdl_assignsubmission_onlinetext,3
132,"2018-05-08 10:54:22",mdl_course,3
132,"2018-05-08 10:54:22",mdl_course_modules,9
132,"2018-05-08 10:54:22",mdl_grade_grades,9
132,"2018-05-08 10:54:22",mdl_grade_items,9
133,"2018-05-08 10:54:23",mdl_assign,6
133,"2018-05-08 10:54:23",mdl_assign_grades,5
133,"2018-05-08 10:54:23",mdl_assign_submission,11
133,"2018-05-08 10:54:23",mdl_assignfeedback_comments,4
133,"2018-05-08 10:54:23",mdl_assignsubmission_onlinetext,3
133,"2018-05-08 10:54:23",mdl_course,3
133,"2018-05-08 10:54:23",mdl_course_modules,9
133,"2018-05-08 10:54:23",mdl_grade_grades,9
133,"2018-05-08 10:54:23",mdl_grade_items,9
134,"2018-05-08 10:54:25",mdl_assign,6
134,"2018-05-08 10:54:25",mdl_assign_grades,5
134,"2018-05-08 10:54:25",mdl_assign_submission,11
134,"2018-05-08 10:54:25",mdl_assignfeedback_comments,4
134,"2018-05-08 10:54:25",mdl_assignsubmission_onlinetext,3
134,"2018-05-08 10:54:25",mdl_course,3
134,"2018-05-08 10:54:25",mdl_course_modules,9
134,"2018-05-08 10:54:25",mdl_grade_grades,9
134,"2018-05-08 10:54:25",mdl_grade_items,9
135,"2018-05-08 10:54:26",mdl_assign,6
135,"2018-05-08 10:54:26",mdl_assign_grades,5
135,"2018-05-08 10:54:26",mdl_assign_submission,11
135,"2018-05-08 10:54:26",mdl_assignfeedback_comments,4
135,"2018-05-08 10:54:26",mdl_assignsubmission_onlinetext,3
135,"2018-05-08 10:54:26",mdl_course,3
135,"2018-05-08 10:54:26",mdl_course_modules,9
135,"2018-05-08 10:54:26",mdl_grade_grades,9
135,"2018-05-08 10:54:26",mdl_grade_items,9
136,"2018-05-08 10:54:27",mdl_assign,6
136,"2018-05-08 10:54:27",mdl_assign_grades,5
136,"2018-05-08 10:54:27",mdl_assign_submission,11
136,"2018-05-08 10:54:27",mdl_assignfeedback_comments,4
136,"2018-05-08 10:54:27",mdl_assignsubmission_onlinetext,3
136,"2018-05-08 10:54:27",mdl_course,3
136,"2018-05-08 10:54:27",mdl_course_modules,9
136,"2018-05-08 10:54:27",mdl_grade_grades,9
136,"2018-05-08 10:54:27",mdl_grade_items,9
137,"2018-05-08 10:54:28",mdl_assign,6
137,"2018-05-08 10:54:28",mdl_assign_grades,5
137,"2018-05-08 10:54:28",mdl_assign_submission,11
137,"2018-05-08 10:54:28",mdl_assignfeedback_comments,4
137,"2018-05-08 10:54:28",mdl_assignsubmission_onlinetext,3
137,"2018-05-08 10:54:28",mdl_course,3
137,"2018-05-08 10:54:28",mdl_course_modules,9
137,"2018-05-08 10:54:28",mdl_grade_grades,9
137,"2018-05-08 10:54:28",mdl_grade_items,9
138,"2018-05-08 10:54:29",mdl_assign,6
138,"2018-05-08 10:54:29",mdl_assign_grades,5
138,"2018-05-08 10:54:29",mdl_assign_submission,11
138,"2018-05-08 10:54:29",mdl_assignfeedback_comments,4
138,"2018-05-08 10:54:29",mdl_assignsubmission_onlinetext,3
138,"2018-05-08 10:54:29",mdl_course,3
138,"2018-05-08 10:54:29",mdl_course_modules,9
138,"2018-05-08 10:54:29",mdl_grade_grades,9
138,"2018-05-08 10:54:29",mdl_grade_items,9
139,"2018-05-08 10:54:30",mdl_assign,6
139,"2018-05-08 10:54:30",mdl_assign_grades,5
139,"2018-05-08 10:54:30",mdl_assign_submission,11
139,"2018-05-08 10:54:30",mdl_assignfeedback_comments,4
139,"2018-05-08 10:54:30",mdl_assignsubmission_onlinetext,3
139,"2018-05-08 10:54:30",mdl_course,3
139,"2018-05-08 10:54:30",mdl_course_modules,9
139,"2018-05-08 10:54:30",mdl_grade_grades,9
139,"2018-05-08 10:54:30",mdl_grade_items,9
140,"2018-05-08 10:54:31",mdl_assign,6
140,"2018-05-08 10:54:31",mdl_assign_grades,5
140,"2018-05-08 10:54:31",mdl_assign_submission,11
140,"2018-05-08 10:54:31",mdl_assignfeedback_comments,4
140,"2018-05-08 10:54:31",mdl_assignsubmission_onlinetext,3
140,"2018-05-08 10:54:31",mdl_course,3
140,"2018-05-08 10:54:31",mdl_course_modules,9
140,"2018-05-08 10:54:31",mdl_grade_grades,9
140,"2018-05-08 10:54:31",mdl_grade_items,9
141,"2018-05-08 10:54:32",mdl_assign,6
141,"2018-05-08 10:54:32",mdl_assign_grades,5
141,"2018-05-08 10:54:32",mdl_assign_submission,11
141,"2018-05-08 10:54:32",mdl_assignfeedback_comments,4
141,"2018-05-08 10:54:32",mdl_assignsubmission_onlinetext,3
141,"2018-05-08 10:54:32",mdl_course,3
141,"2018-05-08 10:54:32",mdl_course_modules,9
141,"2018-05-08 10:54:32",mdl_grade_grades,9
141,"2018-05-08 10:54:32",mdl_grade_items,9
142,"2018-05-08 10:54:33",mdl_assign,6
142,"2018-05-08 10:54:33",mdl_assign_grades,5
142,"2018-05-08 10:54:33",mdl_assign_submission,11
142,"2018-05-08 10:54:33",mdl_assignfeedback_comments,4
142,"2018-05-08 10:54:33",mdl_assignsubmission_onlinetext,3
142,"2018-05-08 10:54:33",mdl_course,3
142,"2018-05-08 10:54:33",mdl_course_modules,9
142,"2018-05-08 10:54:33",mdl_grade_grades,9
142,"2018-05-08 10:54:33",mdl_grade_items,9
143,"2018-05-08 10:54:34",mdl_assign,6
143,"2018-05-08 10:54:34",mdl_assign_grades,5
143,"2018-05-08 10:54:34",mdl_assign_submission,11
143,"2018-05-08 10:54:34",mdl_assignfeedback_comments,4
143,"2018-05-08 10:54:34",mdl_assignsubmission_onlinetext,3
143,"2018-05-08 10:54:34",mdl_course,3
143,"2018-05-08 10:54:34",mdl_course_modules,9
143,"2018-05-08 10:54:34",mdl_grade_grades,9
143,"2018-05-08 10:54:34",mdl_grade_items,9
144,"2018-05-08 10:54:35",mdl_assign,6
144,"2018-05-08 10:54:35",mdl_assign_grades,5
144,"2018-05-08 10:54:35",mdl_assign_submission,11
144,"2018-05-08 10:54:35",mdl_assignfeedback_comments,4
144,"2018-05-08 10:54:35",mdl_assignsubmission_onlinetext,3
144,"2018-05-08 10:54:35",mdl_course,3
144,"2018-05-08 10:54:35",mdl_course_modules,9
144,"2018-05-08 10:54:35",mdl_grade_grades,9
144,"2018-05-08 10:54:35",mdl_grade_items,9
145,"2018-05-08 10:54:37",mdl_assign,6
145,"2018-05-08 10:54:37",mdl_assign_grades,5
145,"2018-05-08 10:54:37",mdl_assign_submission,11
145,"2018-05-08 10:54:37",mdl_assignfeedback_comments,4
145,"2018-05-08 10:54:37",mdl_assignsubmission_onlinetext,3
145,"2018-05-08 10:54:37",mdl_course,3
145,"2018-05-08 10:54:37",mdl_course_modules,9
145,"2018-05-08 10:54:37",mdl_grade_grades,9
145,"2018-05-08 10:54:37",mdl_grade_items,9
146,"2018-05-08 10:54:38",mdl_assign,6
146,"2018-05-08 10:54:38",mdl_assign_grades,5
146,"2018-05-08 10:54:38",mdl_assign_submission,11
146,"2018-05-08 10:54:38",mdl_assignfeedback_comments,4
146,"2018-05-08 10:54:38",mdl_assignsubmission_onlinetext,3
146,"2018-05-08 10:54:38",mdl_course,3
146,"2018-05-08 10:54:38",mdl_course_modules,9
146,"2018-05-08 10:54:38",mdl_grade_grades,9
146,"2018-05-08 10:54:38",mdl_grade_items,9
147,"2018-05-08 10:54:39",mdl_assign,6
147,"2018-05-08 10:54:39",mdl_assign_grades,5
147,"2018-05-08 10:54:39",mdl_assign_submission,11
147,"2018-05-08 10:54:39",mdl_assignfeedback_comments,4
147,"2018-05-08 10:54:39",mdl_assignsubmission_onlinetext,3
147,"2018-05-08 10:54:39",mdl_course,3
147,"2018-05-08 10:54:39",mdl_course_modules,9
147,"2018-05-08 10:54:39",mdl_grade_grades,9
147,"2018-05-08 10:54:39",mdl_grade_items,9
148,"2018-05-08 10:54:40",mdl_assign,6
148,"2018-05-08 10:54:40",mdl_assign_grades,5
148,"2018-05-08 10:54:40",mdl_assign_submission,11
148,"2018-05-08 10:54:40",mdl_assignfeedback_comments,4
148,"2018-05-08 10:54:40",mdl_assignsubmission_onlinetext,3
148,"2018-05-08 10:54:40",mdl_course,3
148,"2018-05-08 10:54:40",mdl_course_modules,9
148,"2018-05-08 10:54:40",mdl_grade_grades,9
148,"2018-05-08 10:54:40",mdl_grade_items,9
149,"2018-05-08 10:54:41",mdl_assign,6
149,"2018-05-08 10:54:41",mdl_assign_grades,5
149,"2018-05-08 10:54:41",mdl_assign_submission,11
149,"2018-05-08 10:54:41",mdl_assignfeedback_comments,4
149,"2018-05-08 10:54:41",mdl_assignsubmission_onlinetext,3
149,"2018-05-08 10:54:41",mdl_course,3
149,"2018-05-08 10:54:41",mdl_course_modules,9
149,"2018-05-08 10:54:41",mdl_grade_grades,9
149,"2018-05-08 10:54:41",mdl_grade_items,9
150,"2018-05-08 10:54:42",mdl_assign,6
150,"2018-05-08 10:54:42",mdl_assign_grades,5
150,"2018-05-08 10:54:42",mdl_assign_submission,11
150,"2018-05-08 10:54:42",mdl_assignfeedback_comments,4
150,"2018-05-08 10:54:42",mdl_assignsubmission_onlinetext,3
150,"2018-05-08 10:54:42",mdl_course,3
150,"2018-05-08 10:54:42",mdl_course_modules,9
150,"2018-05-08 10:54:42",mdl_grade_grades,9
150,"2018-05-08 10:54:42",mdl_grade_items,9
151,"2018-05-08 10:54:43",mdl_assign,6
151,"2018-05-08 10:54:43",mdl_assign_grades,5
151,"2018-05-08 10:54:43",mdl_assign_submission,11
151,"2018-05-08 10:54:43",mdl_assignfeedback_comments,4
151,"2018-05-08 10:54:43",mdl_assignsubmission_onlinetext,3
151,"2018-05-08 10:54:43",mdl_course,3
151,"2018-05-08 10:54:43",mdl_course_modules,9
151,"2018-05-08 10:54:43",mdl_grade_grades,9
151,"2018-05-08 10:54:43",mdl_grade_items,9
152,"2018-05-08 10:54:44",mdl_assign,6
152,"2018-05-08 10:54:44",mdl_assign_grades,5
152,"2018-05-08 10:54:44",mdl_assign_submission,11
152,"2018-05-08 10:54:44",mdl_assignfeedback_comments,4
152,"2018-05-08 10:54:44",mdl_assignsubmission_onlinetext,3
152,"2018-05-08 10:54:44",mdl_course,3
152,"2018-05-08 10:54:44",mdl_course_modules,9
152,"2018-05-08 10:54:44",mdl_grade_grades,9
152,"2018-05-08 10:54:44",mdl_grade_items,9
153,"2018-05-08 10:54:46",mdl_assign,6
153,"2018-05-08 10:54:46",mdl_assign_grades,5
153,"2018-05-08 10:54:46",mdl_assign_submission,11
153,"2018-05-08 10:54:46",mdl_assignfeedback_comments,4
153,"2018-05-08 10:54:46",mdl_assignsubmission_onlinetext,3
153,"2018-05-08 10:54:46",mdl_course,3
153,"2018-05-08 10:54:46",mdl_course_modules,9
153,"2018-05-08 10:54:46",mdl_grade_grades,9
153,"2018-05-08 10:54:46",mdl_grade_items,9
154,"2018-05-08 10:54:47",mdl_assign,6
154,"2018-05-08 10:54:47",mdl_assign_grades,5
154,"2018-05-08 10:54:47",mdl_assign_submission,11
154,"2018-05-08 10:54:47",mdl_assignfeedback_comments,4
154,"2018-05-08 10:54:47",mdl_assignsubmission_onlinetext,3
154,"2018-05-08 10:54:47",mdl_course,3
154,"2018-05-08 10:54:47",mdl_course_modules,9
154,"2018-05-08 10:54:47",mdl_grade_grades,9
154,"2018-05-08 10:54:47",mdl_grade_items,9
155,"2018-05-08 10:54:48",mdl_assign,6
155,"2018-05-08 10:54:48",mdl_assign_grades,5
155,"2018-05-08 10:54:48",mdl_assign_submission,11
155,"2018-05-08 10:54:48",mdl_assignfeedback_comments,4
155,"2018-05-08 10:54:48",mdl_assignsubmission_onlinetext,3
155,"2018-05-08 10:54:48",mdl_course,3
155,"2018-05-08 10:54:48",mdl_course_modules,9
155,"2018-05-08 10:54:48",mdl_grade_grades,9
155,"2018-05-08 10:54:48",mdl_grade_items,9
156,"2018-05-08 10:54:49",mdl_assign,6
156,"2018-05-08 10:54:49",mdl_assign_grades,5
156,"2018-05-08 10:54:49",mdl_assign_submission,11
156,"2018-05-08 10:54:49",mdl_assignfeedback_comments,4
156,"2018-05-08 10:54:49",mdl_assignsubmission_onlinetext,3
156,"2018-05-08 10:54:49",mdl_course,3
156,"2018-05-08 10:54:49",mdl_course_modules,9
156,"2018-05-08 10:54:49",mdl_grade_grades,9
156,"2018-05-08 10:54:49",mdl_grade_items,9
157,"2018-05-08 10:54:50",mdl_assign,6
157,"2018-05-08 10:54:50",mdl_assign_grades,5
157,"2018-05-08 10:54:50",mdl_assign_submission,11
157,"2018-05-08 10:54:50",mdl_assignfeedback_comments,4
157,"2018-05-08 10:54:50",mdl_assignsubmission_onlinetext,3
157,"2018-05-08 10:54:50",mdl_course,3
157,"2018-05-08 10:54:50",mdl_course_modules,9
157,"2018-05-08 10:54:50",mdl_grade_grades,9
157,"2018-05-08 10:54:50",mdl_grade_items,9
158,"2018-05-08 10:54:51",mdl_assign,6
158,"2018-05-08 10:54:51",mdl_assign_grades,5
158,"2018-05-08 10:54:51",mdl_assign_submission,11
158,"2018-05-08 10:54:51",mdl_assignfeedback_comments,4
158,"2018-05-08 10:54:51",mdl_assignsubmission_onlinetext,3
158,"2018-05-08 10:54:51",mdl_course,3
158,"2018-05-08 10:54:51",mdl_course_modules,9
158,"2018-05-08 10:54:51",mdl_grade_grades,9
158,"2018-05-08 10:54:51",mdl_grade_items,9
159,"2018-05-08 10:54:52",mdl_assign,6
159,"2018-05-08 10:54:52",mdl_assign_grades,5
159,"2018-05-08 10:54:52",mdl_assign_submission,11
159,"2018-05-08 10:54:52",mdl_assignfeedback_comments,4
159,"2018-05-08 10:54:52",mdl_assignsubmission_onlinetext,3
159,"2018-05-08 10:54:52",mdl_course,3
159,"2018-05-08 10:54:52",mdl_course_modules,9
159,"2018-05-08 10:54:52",mdl_grade_grades,9
159,"2018-05-08 10:54:52",mdl_grade_items,9
160,"2018-05-08 10:54:54",mdl_assign,6
160,"2018-05-08 10:54:54",mdl_assign_grades,5
160,"2018-05-08 10:54:54",mdl_assign_submission,11
160,"2018-05-08 10:54:54",mdl_assignfeedback_comments,4
160,"2018-05-08 10:54:54",mdl_assignsubmission_onlinetext,3
160,"2018-05-08 10:54:54",mdl_course,3
160,"2018-05-08 10:54:54",mdl_course_modules,9
160,"2018-05-08 10:54:54",mdl_grade_grades,9
160,"2018-05-08 10:54:54",mdl_grade_items,9
161,"2018-05-08 10:54:55",mdl_assign,6
161,"2018-05-08 10:54:55",mdl_assign_grades,5
161,"2018-05-08 10:54:55",mdl_assign_submission,11
161,"2018-05-08 10:54:55",mdl_assignfeedback_comments,4
161,"2018-05-08 10:54:55",mdl_assignsubmission_onlinetext,3
161,"2018-05-08 10:54:55",mdl_course,3
161,"2018-05-08 10:54:55",mdl_course_modules,9
161,"2018-05-08 10:54:55",mdl_grade_grades,9
161,"2018-05-08 10:54:55",mdl_grade_items,9
162,"2018-05-08 10:54:57",mdl_assign,6
162,"2018-05-08 10:54:57",mdl_assign_grades,5
162,"2018-05-08 10:54:57",mdl_assign_submission,11
162,"2018-05-08 10:54:57",mdl_assignfeedback_comments,4
162,"2018-05-08 10:54:57",mdl_assignsubmission_onlinetext,3
162,"2018-05-08 10:54:57",mdl_course,3
162,"2018-05-08 10:54:57",mdl_course_modules,9
162,"2018-05-08 10:54:57",mdl_grade_grades,9
162,"2018-05-08 10:54:57",mdl_grade_items,9
163,"2018-05-08 10:54:58",mdl_assign,6
163,"2018-05-08 10:54:58",mdl_assign_grades,5
163,"2018-05-08 10:54:58",mdl_assign_submission,11
163,"2018-05-08 10:54:58",mdl_assignfeedback_comments,4
163,"2018-05-08 10:54:58",mdl_assignsubmission_onlinetext,3
163,"2018-05-08 10:54:58",mdl_course,3
163,"2018-05-08 10:54:58",mdl_course_modules,9
163,"2018-05-08 10:54:58",mdl_grade_grades,9
163,"2018-05-08 10:54:58",mdl_grade_items,9
164,"2018-05-08 10:54:59",mdl_assign,6
164,"2018-05-08 10:54:59",mdl_assign_grades,5
164,"2018-05-08 10:54:59",mdl_assign_submission,11
164,"2018-05-08 10:54:59",mdl_assignfeedback_comments,4
164,"2018-05-08 10:54:59",mdl_assignsubmission_onlinetext,3
164,"2018-05-08 10:54:59",mdl_course,3
164,"2018-05-08 10:54:59",mdl_course_modules,9
164,"2018-05-08 10:54:59",mdl_grade_grades,9
164,"2018-05-08 10:54:59",mdl_grade_items,9
165,"2018-05-08 10:55:00",mdl_assign,6
165,"2018-05-08 10:55:00",mdl_assign_grades,5
165,"2018-05-08 10:55:00",mdl_assign_submission,11
165,"2018-05-08 10:55:00",mdl_assignfeedback_comments,4
165,"2018-05-08 10:55:00",mdl_assignsubmission_onlinetext,3
165,"2018-05-08 10:55:00",mdl_course,3
165,"2018-05-08 10:55:00",mdl_course_modules,9
165,"2018-05-08 10:55:00",mdl_grade_grades,9
165,"2018-05-08 10:55:00",mdl_grade_items,9
166,"2018-05-08 10:55:01",mdl_assign,6
166,"2018-05-08 10:55:01",mdl_assign_grades,5
166,"2018-05-08 10:55:01",mdl_assign_submission,11
166,"2018-05-08 10:55:01",mdl_assignfeedback_comments,4
166,"2018-05-08 10:55:01",mdl_assignsubmission_onlinetext,3
166,"2018-05-08 10:55:01",mdl_course,3
166,"2018-05-08 10:55:01",mdl_course_modules,9
166,"2018-05-08 10:55:01",mdl_grade_grades,9
166,"2018-05-08 10:55:01",mdl_grade_items,9
167,"2018-05-08 10:55:03",mdl_assign,6
167,"2018-05-08 10:55:03",mdl_assign_grades,5
167,"2018-05-08 10:55:03",mdl_assign_submission,11
167,"2018-05-08 10:55:03",mdl_assignfeedback_comments,4
167,"2018-05-08 10:55:03",mdl_assignsubmission_onlinetext,3
167,"2018-05-08 10:55:03",mdl_course,3
167,"2018-05-08 10:55:03",mdl_course_modules,9
167,"2018-05-08 10:55:03",mdl_grade_grades,9
167,"2018-05-08 10:55:03",mdl_grade_items,9
168,"2018-05-08 10:55:04",mdl_assign,6
168,"2018-05-08 10:55:04",mdl_assign_grades,5
168,"2018-05-08 10:55:04",mdl_assign_submission,11
168,"2018-05-08 10:55:04",mdl_assignfeedback_comments,4
168,"2018-05-08 10:55:04",mdl_assignsubmission_onlinetext,3
168,"2018-05-08 10:55:04",mdl_course,3
168,"2018-05-08 10:55:04",mdl_course_modules,9
168,"2018-05-08 10:55:04",mdl_grade_grades,9
168,"2018-05-08 10:55:04",mdl_grade_items,9
169,"2018-05-08 10:55:05",mdl_assign,6
169,"2018-05-08 10:55:05",mdl_assign_grades,5
169,"2018-05-08 10:55:05",mdl_assign_submission,11
169,"2018-05-08 10:55:05",mdl_assignfeedback_comments,4
169,"2018-05-08 10:55:05",mdl_assignsubmission_onlinetext,3
169,"2018-05-08 10:55:05",mdl_course,3
169,"2018-05-08 10:55:05",mdl_course_modules,9
169,"2018-05-08 10:55:05",mdl_grade_grades,9
169,"2018-05-08 10:55:05",mdl_grade_items,9
170,"2018-05-08 10:55:06",mdl_assign,6
170,"2018-05-08 10:55:06",mdl_assign_grades,5
170,"2018-05-08 10:55:06",mdl_assign_submission,11
170,"2018-05-08 10:55:06",mdl_assignfeedback_comments,4
170,"2018-05-08 10:55:06",mdl_assignsubmission_onlinetext,3
170,"2018-05-08 10:55:06",mdl_course,3
170,"2018-05-08 10:55:06",mdl_course_modules,9
170,"2018-05-08 10:55:06",mdl_grade_grades,9
170,"2018-05-08 10:55:06",mdl_grade_items,9
171,"2018-05-08 10:55:07",mdl_assign,6
171,"2018-05-08 10:55:07",mdl_assign_grades,5
171,"2018-05-08 10:55:07",mdl_assign_submission,11
171,"2018-05-08 10:55:07",mdl_assignfeedback_comments,4
171,"2018-05-08 10:55:07",mdl_assignsubmission_onlinetext,3
171,"2018-05-08 10:55:07",mdl_course,3
171,"2018-05-08 10:55:07",mdl_course_modules,9
171,"2018-05-08 10:55:07",mdl_grade_grades,9
171,"2018-05-08 10:55:07",mdl_grade_items,9
172,"2018-05-08 10:55:08",mdl_assign,6
172,"2018-05-08 10:55:08",mdl_assign_grades,5
172,"2018-05-08 10:55:08",mdl_assign_submission,11
172,"2018-05-08 10:55:08",mdl_assignfeedback_comments,4
172,"2018-05-08 10:55:08",mdl_assignsubmission_onlinetext,3
172,"2018-05-08 10:55:08",mdl_course,3
172,"2018-05-08 10:55:08",mdl_course_modules,9
172,"2018-05-08 10:55:08",mdl_grade_grades,9
172,"2018-05-08 10:55:08",mdl_grade_items,9
173,"2018-05-08 10:55:10",mdl_assign,6
173,"2018-05-08 10:55:10",mdl_assign_grades,5
173,"2018-05-08 10:55:10",mdl_assign_submission,11
173,"2018-05-08 10:55:10",mdl_assignfeedback_comments,4
173,"2018-05-08 10:55:10",mdl_assignsubmission_onlinetext,3
173,"2018-05-08 10:55:10",mdl_course,3
173,"2018-05-08 10:55:10",mdl_course_modules,9
173,"2018-05-08 10:55:10",mdl_grade_grades,9
173,"2018-05-08 10:55:10",mdl_grade_items,9
174,"2018-05-08 10:55:11",mdl_assign,6
174,"2018-05-08 10:55:11",mdl_assign_grades,5
174,"2018-05-08 10:55:11",mdl_assign_submission,11
174,"2018-05-08 10:55:11",mdl_assignfeedback_comments,4
174,"2018-05-08 10:55:11",mdl_assignsubmission_onlinetext,3
174,"2018-05-08 10:55:11",mdl_course,3
174,"2018-05-08 10:55:11",mdl_course_modules,9
174,"2018-05-08 10:55:11",mdl_grade_grades,9
174,"2018-05-08 10:55:11",mdl_grade_items,9
175,"2018-05-08 10:55:12",mdl_assign,6
175,"2018-05-08 10:55:12",mdl_assign_grades,5
175,"2018-05-08 10:55:12",mdl_assign_submission,11
175,"2018-05-08 10:55:12",mdl_assignfeedback_comments,4
175,"2018-05-08 10:55:12",mdl_assignsubmission_onlinetext,3
175,"2018-05-08 10:55:12",mdl_course,3
175,"2018-05-08 10:55:12",mdl_course_modules,9
175,"2018-05-08 10:55:12",mdl_grade_grades,9
175,"2018-05-08 10:55:12",mdl_grade_items,9
176,"2018-05-08 10:55:13",mdl_assign,6
176,"2018-05-08 10:55:13",mdl_assign_grades,5
176,"2018-05-08 10:55:13",mdl_assign_submission,11
176,"2018-05-08 10:55:13",mdl_assignfeedback_comments,4
176,"2018-05-08 10:55:13",mdl_assignsubmission_onlinetext,3
176,"2018-05-08 10:55:13",mdl_course,3
176,"2018-05-08 10:55:13",mdl_course_modules,9
176,"2018-05-08 10:55:13",mdl_grade_grades,9
176,"2018-05-08 10:55:13",mdl_grade_items,9
177,"2018-05-08 10:55:15",mdl_assign,6
177,"2018-05-08 10:55:15",mdl_assign_grades,5
177,"2018-05-08 10:55:15",mdl_assign_submission,11
177,"2018-05-08 10:55:15",mdl_assignfeedback_comments,4
177,"2018-05-08 10:55:15",mdl_assignsubmission_onlinetext,3
177,"2018-05-08 10:55:15",mdl_course,3
177,"2018-05-08 10:55:15",mdl_course_modules,9
177,"2018-05-08 10:55:15",mdl_grade_grades,9
177,"2018-05-08 10:55:15",mdl_grade_items,9
178,"2018-05-08 10:55:16",mdl_assign,6
178,"2018-05-08 10:55:16",mdl_assign_grades,5
178,"2018-05-08 10:55:16",mdl_assign_submission,11
178,"2018-05-08 10:55:16",mdl_assignfeedback_comments,4
178,"2018-05-08 10:55:16",mdl_assignsubmission_onlinetext,3
178,"2018-05-08 10:55:16",mdl_course,3
178,"2018-05-08 10:55:16",mdl_course_modules,9
178,"2018-05-08 10:55:16",mdl_grade_grades,9
178,"2018-05-08 10:55:16",mdl_grade_items,9
179,"2018-05-08 10:55:17",mdl_assign,6
179,"2018-05-08 10:55:17",mdl_assign_grades,5
179,"2018-05-08 10:55:17",mdl_assign_submission,11
179,"2018-05-08 10:55:17",mdl_assignfeedback_comments,4
179,"2018-05-08 10:55:17",mdl_assignsubmission_onlinetext,3
179,"2018-05-08 10:55:17",mdl_course,3
179,"2018-05-08 10:55:17",mdl_course_modules,9
179,"2018-05-08 10:55:17",mdl_grade_grades,9
179,"2018-05-08 10:55:17",mdl_grade_items,9
180,"2018-05-08 10:55:18",mdl_assign,6
180,"2018-05-08 10:55:18",mdl_assign_grades,5
180,"2018-05-08 10:55:18",mdl_assign_submission,11
180,"2018-05-08 10:55:18",mdl_assignfeedback_comments,4
180,"2018-05-08 10:55:18",mdl_assignsubmission_onlinetext,3
180,"2018-05-08 10:55:18",mdl_course,3
180,"2018-05-08 10:55:18",mdl_course_modules,9
180,"2018-05-08 10:55:18",mdl_grade_grades,9
180,"2018-05-08 10:55:18",mdl_grade_items,9
181,"2018-05-08 10:55:19",mdl_assign,6
181,"2018-05-08 10:55:19",mdl_assign_grades,5
181,"2018-05-08 10:55:19",mdl_assign_submission,11
181,"2018-05-08 10:55:19",mdl_assignfeedback_comments,4
181,"2018-05-08 10:55:19",mdl_assignsubmission_onlinetext,3
181,"2018-05-08 10:55:19",mdl_course,3
181,"2018-05-08 10:55:19",mdl_course_modules,9
181,"2018-05-08 10:55:19",mdl_grade_grades,9
181,"2018-05-08 10:55:19",mdl_grade_items,9
182,"2018-05-08 10:55:20",mdl_assign,6
182,"2018-05-08 10:55:20",mdl_assign_grades,5
182,"2018-05-08 10:55:20",mdl_assign_submission,11
182,"2018-05-08 10:55:20",mdl_assignfeedback_comments,4
182,"2018-05-08 10:55:20",mdl_assignsubmission_onlinetext,3
182,"2018-05-08 10:55:20",mdl_course,3
182,"2018-05-08 10:55:20",mdl_course_modules,9
182,"2018-05-08 10:55:20",mdl_grade_grades,9
182,"2018-05-08 10:55:20",mdl_grade_items,9
183,"2018-05-08 10:55:21",mdl_assign,6
183,"2018-05-08 10:55:21",mdl_assign_grades,5
183,"2018-05-08 10:55:21",mdl_assign_submission,11
183,"2018-05-08 10:55:21",mdl_assignfeedback_comments,4
183,"2018-05-08 10:55:21",mdl_assignsubmission_onlinetext,3
183,"2018-05-08 10:55:21",mdl_course,3
183,"2018-05-08 10:55:21",mdl_course_modules,9
183,"2018-05-08 10:55:21",mdl_grade_grades,9
183,"2018-05-08 10:55:21",mdl_grade_items,9
184,"2018-05-08 10:55:22",mdl_assign,6
184,"2018-05-08 10:55:22",mdl_assign_grades,5
184,"2018-05-08 10:55:22",mdl_assign_submission,11
184,"2018-05-08 10:55:22",mdl_assignfeedback_comments,4
184,"2018-05-08 10:55:22",mdl_assignsubmission_onlinetext,3
184,"2018-05-08 10:55:22",mdl_course,3
184,"2018-05-08 10:55:22",mdl_course_modules,9
184,"2018-05-08 10:55:22",mdl_grade_grades,9
184,"2018-05-08 10:55:22",mdl_grade_items,9
185,"2018-05-08 10:55:23",mdl_assign,6
185,"2018-05-08 10:55:23",mdl_assign_grades,5
185,"2018-05-08 10:55:23",mdl_assign_submission,11
185,"2018-05-08 10:55:23",mdl_assignfeedback_comments,4
185,"2018-05-08 10:55:23",mdl_assignsubmission_onlinetext,3
185,"2018-05-08 10:55:23",mdl_course,3
185,"2018-05-08 10:55:23",mdl_course_modules,9
185,"2018-05-08 10:55:23",mdl_grade_grades,9
185,"2018-05-08 10:55:23",mdl_grade_items,9
186,"2018-05-08 10:55:24",mdl_assign,6
186,"2018-05-08 10:55:24",mdl_assign_grades,5
186,"2018-05-08 10:55:24",mdl_assign_submission,11
186,"2018-05-08 10:55:24",mdl_assignfeedback_comments,4
186,"2018-05-08 10:55:24",mdl_assignsubmission_onlinetext,3
186,"2018-05-08 10:55:24",mdl_course,3
186,"2018-05-08 10:55:24",mdl_course_modules,9
186,"2018-05-08 10:55:24",mdl_grade_grades,9
186,"2018-05-08 10:55:24",mdl_grade_items,9
187,"2018-05-08 10:55:26",mdl_assign,6
187,"2018-05-08 10:55:26",mdl_assign_grades,5
187,"2018-05-08 10:55:26",mdl_assign_submission,11
187,"2018-05-08 10:55:26",mdl_assignfeedback_comments,4
187,"2018-05-08 10:55:26",mdl_assignsubmission_onlinetext,3
187,"2018-05-08 10:55:26",mdl_course,3
187,"2018-05-08 10:55:26",mdl_course_modules,9
187,"2018-05-08 10:55:26",mdl_grade_grades,9
187,"2018-05-08 10:55:26",mdl_grade_items,9
188,"2018-05-08 10:55:27",mdl_assign,6
188,"2018-05-08 10:55:27",mdl_assign_grades,5
188,"2018-05-08 10:55:27",mdl_assign_submission,11
188,"2018-05-08 10:55:27",mdl_assignfeedback_comments,4
188,"2018-05-08 10:55:27",mdl_assignsubmission_onlinetext,3
188,"2018-05-08 10:55:27",mdl_course,3
188,"2018-05-08 10:55:27",mdl_course_modules,9
188,"2018-05-08 10:55:27",mdl_grade_grades,9
188,"2018-05-08 10:55:27",mdl_grade_items,9
189,"2018-05-08 10:55:28",mdl_assign,6
189,"2018-05-08 10:55:28",mdl_assign_grades,5
189,"2018-05-08 10:55:28",mdl_assign_submission,11
189,"2018-05-08 10:55:28",mdl_assignfeedback_comments,4
189,"2018-05-08 10:55:28",mdl_assignsubmission_onlinetext,3
189,"2018-05-08 10:55:28",mdl_course,3
189,"2018-05-08 10:55:28",mdl_course_modules,9
189,"2018-05-08 10:55:28",mdl_grade_grades,9
189,"2018-05-08 10:55:28",mdl_grade_items,9
190,"2018-05-08 10:55:29",mdl_assign,6
190,"2018-05-08 10:55:29",mdl_assign_grades,5
190,"2018-05-08 10:55:29",mdl_assign_submission,11
190,"2018-05-08 10:55:29",mdl_assignfeedback_comments,4
190,"2018-05-08 10:55:29",mdl_assignsubmission_onlinetext,3
190,"2018-05-08 10:55:29",mdl_course,3
190,"2018-05-08 10:55:29",mdl_course_modules,9
190,"2018-05-08 10:55:29",mdl_grade_grades,9
190,"2018-05-08 10:55:29",mdl_grade_items,9
191,"2018-05-08 10:55:30",mdl_assign,6
191,"2018-05-08 10:55:30",mdl_assign_grades,5
191,"2018-05-08 10:55:30",mdl_assign_submission,11
191,"2018-05-08 10:55:30",mdl_assignfeedback_comments,4
191,"2018-05-08 10:55:30",mdl_assignsubmission_onlinetext,3
191,"2018-05-08 10:55:30",mdl_course,3
191,"2018-05-08 10:55:30",mdl_course_modules,9
191,"2018-05-08 10:55:30",mdl_grade_grades,9
191,"2018-05-08 10:55:30",mdl_grade_items,9
192,"2018-05-08 10:55:31",mdl_assign,6
192,"2018-05-08 10:55:31",mdl_assign_grades,5
192,"2018-05-08 10:55:31",mdl_assign_submission,11
192,"2018-05-08 10:55:31",mdl_assignfeedback_comments,4
192,"2018-05-08 10:55:31",mdl_assignsubmission_onlinetext,3
192,"2018-05-08 10:55:31",mdl_course,3
192,"2018-05-08 10:55:31",mdl_course_modules,9
192,"2018-05-08 10:55:31",mdl_grade_grades,9
192,"2018-05-08 10:55:31",mdl_grade_items,9
193,"2018-05-08 10:55:32",mdl_assign,6
193,"2018-05-08 10:55:32",mdl_assign_grades,5
193,"2018-05-08 10:55:32",mdl_assign_submission,11
193,"2018-05-08 10:55:32",mdl_assignfeedback_comments,4
193,"2018-05-08 10:55:32",mdl_assignsubmission_onlinetext,3
193,"2018-05-08 10:55:32",mdl_course,3
193,"2018-05-08 10:55:32",mdl_course_modules,9
193,"2018-05-08 10:55:32",mdl_grade_grades,9
193,"2018-05-08 10:55:32",mdl_grade_items,9
194,"2018-05-08 10:55:33",mdl_assign,6
194,"2018-05-08 10:55:33",mdl_assign_grades,5
194,"2018-05-08 10:55:33",mdl_assign_submission,11
194,"2018-05-08 10:55:33",mdl_assignfeedback_comments,4
194,"2018-05-08 10:55:33",mdl_assignsubmission_onlinetext,3
194,"2018-05-08 10:55:33",mdl_course,3
194,"2018-05-08 10:55:33",mdl_course_modules,9
194,"2018-05-08 10:55:33",mdl_grade_grades,9
194,"2018-05-08 10:55:33",mdl_grade_items,9
195,"2018-05-08 10:55:35",mdl_assign,6
195,"2018-05-08 10:55:35",mdl_assign_grades,5
195,"2018-05-08 10:55:35",mdl_assign_submission,11
195,"2018-05-08 10:55:35",mdl_assignfeedback_comments,4
195,"2018-05-08 10:55:35",mdl_assignsubmission_onlinetext,3
195,"2018-05-08 10:55:35",mdl_course,3
195,"2018-05-08 10:55:35",mdl_course_modules,9
195,"2018-05-08 10:55:35",mdl_grade_grades,9
195,"2018-05-08 10:55:35",mdl_grade_items,9
196,"2018-05-08 10:55:36",mdl_assign,6
196,"2018-05-08 10:55:36",mdl_assign_grades,5
196,"2018-05-08 10:55:36",mdl_assign_submission,11
196,"2018-05-08 10:55:36",mdl_assignfeedback_comments,4
196,"2018-05-08 10:55:36",mdl_assignsubmission_onlinetext,3
196,"2018-05-08 10:55:36",mdl_course,3
196,"2018-05-08 10:55:36",mdl_course_modules,9
196,"2018-05-08 10:55:36",mdl_grade_grades,9
196,"2018-05-08 10:55:36",mdl_grade_items,9
197,"2018-05-08 10:55:37",mdl_assign,6
197,"2018-05-08 10:55:37",mdl_assign_grades,5
197,"2018-05-08 10:55:37",mdl_assign_submission,11
197,"2018-05-08 10:55:37",mdl_assignfeedback_comments,4
197,"2018-05-08 10:55:37",mdl_assignsubmission_onlinetext,3
197,"2018-05-08 10:55:37",mdl_course,3
197,"2018-05-08 10:55:37",mdl_course_modules,9
197,"2018-05-08 10:55:37",mdl_grade_grades,9
197,"2018-05-08 10:55:37",mdl_grade_items,9
198,"2018-05-08 10:55:38",mdl_assign,6
198,"2018-05-08 10:55:38",mdl_assign_grades,5
198,"2018-05-08 10:55:38",mdl_assign_submission,11
198,"2018-05-08 10:55:38",mdl_assignfeedback_comments,4
198,"2018-05-08 10:55:38",mdl_assignsubmission_onlinetext,3
198,"2018-05-08 10:55:38",mdl_course,3
198,"2018-05-08 10:55:38",mdl_course_modules,9
198,"2018-05-08 10:55:38",mdl_grade_grades,9
198,"2018-05-08 10:55:38",mdl_grade_items,9
199,"2018-05-08 10:55:39",mdl_assign,6
199,"2018-05-08 10:55:39",mdl_assign_grades,5
199,"2018-05-08 10:55:39",mdl_assign_submission,11
199,"2018-05-08 10:55:39",mdl_assignfeedback_comments,4
199,"2018-05-08 10:55:39",mdl_assignsubmission_onlinetext,3
199,"2018-05-08 10:55:39",mdl_course,3
199,"2018-05-08 10:55:39",mdl_course_modules,9
199,"2018-05-08 10:55:39",mdl_grade_grades,9
199,"2018-05-08 10:55:39",mdl_grade_items,9
200,"2018-05-08 10:55:40",mdl_assign,6
200,"2018-05-08 10:55:40",mdl_assign_grades,5
200,"2018-05-08 10:55:40",mdl_assign_submission,11
200,"2018-05-08 10:55:40",mdl_assignfeedback_comments,4
200,"2018-05-08 10:55:40",mdl_assignsubmission_onlinetext,3
200,"2018-05-08 10:55:40",mdl_course,3
200,"2018-05-08 10:55:40",mdl_course_modules,9
200,"2018-05-08 10:55:40",mdl_grade_grades,9
200,"2018-05-08 10:55:40",mdl_grade_items,9
